-- MySQL dump 10.13  Distrib 5.7.12, for Win64 (x86_64)
--
-- Host: localhost    Database: tia
-- ------------------------------------------------------
-- Server version	5.5.53-0ubuntu0.14.04.1

/*!40101 SET @OLD_CHARACTER_SET_CLIENT=@@CHARACTER_SET_CLIENT */;
/*!40101 SET @OLD_CHARACTER_SET_RESULTS=@@CHARACTER_SET_RESULTS */;
/*!40101 SET @OLD_COLLATION_CONNECTION=@@COLLATION_CONNECTION */;
/*!40101 SET NAMES utf8 */;
/*!40103 SET @OLD_TIME_ZONE=@@TIME_ZONE */;
/*!40103 SET TIME_ZONE='+00:00' */;
/*!40014 SET @OLD_UNIQUE_CHECKS=@@UNIQUE_CHECKS, UNIQUE_CHECKS=0 */;
/*!40014 SET @OLD_FOREIGN_KEY_CHECKS=@@FOREIGN_KEY_CHECKS, FOREIGN_KEY_CHECKS=0 */;
/*!40101 SET @OLD_SQL_MODE=@@SQL_MODE, SQL_MODE='NO_AUTO_VALUE_ON_ZERO' */;
/*!40111 SET @OLD_SQL_NOTES=@@SQL_NOTES, SQL_NOTES=0 */;

--
-- Table structure for table `company`
--

DROP TABLE IF EXISTS `company`;
/*!40101 SET @saved_cs_client     = @@character_set_client */;
/*!40101 SET character_set_client = utf8 */;
CREATE TABLE `company` (
  `id` int(11) NOT NULL AUTO_INCREMENT,
  `name` varchar(255) DEFAULT NULL,
  `address` varchar(255) DEFAULT NULL,
  `phone` varchar(255) DEFAULT NULL,
  `country` varchar(255) DEFAULT NULL,
  `city` varchar(255) DEFAULT NULL,
  `zip_code` varchar(255) DEFAULT NULL,
  `sreet` varchar(255) DEFAULT NULL,
  `user_id` int(11) DEFAULT NULL,
  PRIMARY KEY (`id`)
) ENGINE=InnoDB AUTO_INCREMENT=9 DEFAULT CHARSET=utf8;
/*!40101 SET character_set_client = @saved_cs_client */;

--
-- Dumping data for table `company`
--

LOCK TABLES `company` WRITE;
/*!40000 ALTER TABLE `company` DISABLE KEYS */;
INSERT INTO `company` VALUES (1,'name  comp','adress1',NULL,NULL,NULL,NULL,NULL,2),(2,'name  comp5','adress22136','7','','qwe8','qwe9','qwe22',1),(3,NULL,NULL,NULL,NULL,NULL,NULL,NULL,23),(4,NULL,NULL,NULL,NULL,NULL,NULL,NULL,29),(5,NULL,NULL,NULL,NULL,NULL,NULL,NULL,40),(6,NULL,NULL,NULL,NULL,NULL,NULL,NULL,41),(7,'','','','','','','',43),(8,NULL,NULL,NULL,NULL,NULL,NULL,NULL,44);
/*!40000 ALTER TABLE `company` ENABLE KEYS */;
UNLOCK TABLES;

--
-- Table structure for table `order_details`
--

DROP TABLE IF EXISTS `order_details`;
/*!40101 SET @saved_cs_client     = @@character_set_client */;
/*!40101 SET character_set_client = utf8 */;
CREATE TABLE `order_details` (
  `id` int(11) NOT NULL AUTO_INCREMENT,
  `name` varchar(255) NOT NULL,
  `last_name` varchar(255) NOT NULL,
  `birth_date` date NOT NULL,
  `email` varchar(255) NOT NULL,
  `phone` varchar(255) NOT NULL,
  `health_disorder` varchar(255) NOT NULL,
  `address1` varchar(255) NOT NULL,
  `address2` varchar(255) NOT NULL,
  `region` varchar(255) NOT NULL,
  `state` varchar(255) NOT NULL,
  `post_code` varchar(255) NOT NULL,
  `country` varchar(255) NOT NULL,
  `second_name` varchar(255) NOT NULL,
  `second_last_name` varchar(255) NOT NULL,
  `second_birth_date` date NOT NULL,
  `kids_info` text NOT NULL,
  `save_for_future` tinyint(1) NOT NULL,
  PRIMARY KEY (`id`)
) ENGINE=InnoDB AUTO_INCREMENT=151 DEFAULT CHARSET=utf8;
/*!40101 SET character_set_client = @saved_cs_client */;

--
-- Dumping data for table `order_details`
--

LOCK TABLES `order_details` WRITE;
/*!40000 ALTER TABLE `order_details` DISABLE KEYS */;
INSERT INTO `order_details` VALUES (1,'test name','test name','1987-11-02','mr.silentstorm@gmail.com','1234567890','test test','test addr 1','','test reg','test state','test code','Algeria','test name2','test name2','1990-11-27','',1),(2,'asdf','asdfsdf','2016-11-17','test@test.test','1234567890','asd asd asd','asdfasdf 234, asdfsadf2','asdfsadf2','ACT','ACT','2143','Albania','asdf','asdfsdf','2016-11-16','',1),(3,'Sergey','Yakovlev','1980-11-20','sergey.yakovleff@gmail.com','5345435345','4543543534','Fasdfsafs, 32','32','Deutschland','','40882','Germany','Ivan','Petrov','2001-11-15','',1),(4,'a','a','2016-11-28','a@b.com','0400000000','a','a','','a','','a','Australia','a','a','2016-11-28','',1),(5,'asdf','asdfsdf','1990-11-15','test@test.test','1234567890','asd asd asd','asdfasdf 234, asdfsadf2','asdfsadf2','ACT','ACT','2143','Afghanistan','asdf','asdfsdf','1986-11-11','',1),(6,'luke','sawyer','1984-11-07','luke.f.sawyer@gmail.com','0478536184','no','29 help me','','sydney','NSW','2043','Australia','madona','bond','1972-11-15','',1),(7,'First','Last','2016-11-28','jayen@skedgo.com','0400000000','a','Address','','Region','','0','Australia','SecondFirst','SecondLast','2016-11-28','',0),(8,'First','Last','2016-11-28','jayen@skedgo.com','0400000000','a','Address','','Region','','0','Aruba','SecondFirst','SecondLast','2016-11-28','',0),(9,'First','Last','2016-11-28','jayen@skedgo.com','0400000000','a','Address','','Region','','0','Algeria','SecondFirst','SecondLast','2016-11-28','',0),(11,'test name','test name','1964-11-03','test@test.test','1234567890','asd asd asd','asdfasdf 234','asdfsadf2','asd','NSW','1234','Australia','test name2','test name2','1986-11-06','',1),(12,'test name','test name','1971-11-10','test@test.test','1234567890','test test','test addr 1','','test reg','VIC','2341','Australia','test name2','test name2','1976-11-13','',1),(14,'First','Last','1983-11-16','jayen@skedgo.com','0400000000','a','Address','','Region','NSW','2194','Australia','SecondFirst','SecondLast','1994-12-01','',1),(15,'test name','test name','1976-12-15','test@test.test','1234567890','asd asd asd','test addr 1','','test reg','ACT','1234','Australia','','','0000-00-00','',1),(16,'test name','test name','1976-12-15','test@test.test','1234567890','asd asd asd','test addr 1','','test reg','ACT','1234','Australia','','','0000-00-00','',1),(17,'Girish','Rao','1986-12-03','girish.rao@chubb.com','0435592812','123213','18/50-56 Merton Street','','Sydney','NSW','2000','Australia','','','0000-00-00','',1),(18,'Ivan','Petrov','1984-12-05','sergey.yakovleff@gmail.com','23423432423','423423432','sfsdfsdf','','FF','ACT','4455','Australia','','','0000-00-00','',1),(19,'test name','test name','1976-12-02','test@test.test','1234567890','asd asd asd','test addr 1','','test reg','ACT','1234','Australia','test name2','test name2','0000-00-00','',1),(20,'First','Last','1976-11-16','jayen@skedgo.com','0400000000','a','Address','','Region','NSW','2194','Australia','','','0000-00-00','',1),(21,'First','Last','2015-12-04','jayen@skedgo.com','0400000000','a','Address','','Region','NSW','2194','Australia','SecondFirst','SecondLast','0000-00-00','',1),(22,'First','Last','1976-12-03','jayen@skedgo.com','0400000000','a','Address','','Region','NSW','2194','Australia','','','0000-00-00','',1),(23,'First','Last','2012-12-03','jayen@skedgo.com','0400000000','a','Address','','Region','NSW','2194','Australia','','','0000-00-00','',1),(24,'test name','test name','1983-12-02','iteorasupp@gmail.com','1234567890','test','test','','test reg','QLD','1234','Australia','','','0000-00-00','',1),(25,'First','Last','1971-12-05','jayen@skedgo.com','0400000000','a','Address','','Region','NSW','2194','Australia','','','0000-00-00','',1),(26,'Luke','Sawyer','1978-12-06','luke.f.sawyer@gmail.com','+61478536184','0','29 Devine Street','','NSW','NSW','2043','Australia','','','0000-00-00','',1),(27,'Luke','Sawyer','1985-03-07','luke.f.sawyer@gmail.com','+61478536184','0','29 Devine Street','','NSW','NSW','2043','Australia','','','0000-00-00','',1),(28,'Luke','Sawyer','1979-12-06','luke.f.sawyer@gmail.com','+61478536184','0','29 Devine Street','','NSW','NSW','2043','Australia','','','0000-00-00','',1),(29,'Luke','Sawyer','1979-12-06','luke.f.sawyer@gmail.com','+61478536184','0','29 Devine Street','','NSW','NSW','2043','Australia','','','0000-00-00','',1),(30,'Luke','Sawyer','1983-07-13','luke.f.sawyer@gmail.com','+61478536184','0','29 Devine Street','','NSW','NSW','2043','Australia','','','0000-00-00','',1),(31,'asdf','asdfsdf','1984-12-06','test@test.test','1234567890','test test','asdfasdf 234','asdfsadf2','ACT','ACT','2143','Australia','','','0000-00-00','',1),(32,'Luke','Sawyer','1984-05-17','luke.f.sawyer@gmail.com','+61478536184','1','29 Devine Street','','NSW','NSW','2043','Australia','','','0000-00-00','',1),(33,'Annei','Tran','1998-12-04','annie.tran@Chubb.com','0425622244','1245','100 Test Ave','','2000','NSW','2000','Australia','','','0000-00-00','',1),(34,'First','Last','1982-12-08','jayen@skedgo.com','0400000000','a','Address','','Region','NSW','2194','Australia','','','0000-00-00','',1),(35,'asdf','asdfsdf','1981-12-02','iteorasupp@gmail.com','1234567890','test ','asdfasdf 234','asdfsadf2','ACT','ACT','2143','Australia','','','0000-00-00','',1),(36,'First','Last','1992-12-24','jayen@skedgo.com','0400000000','a','Address','','Region','NSW','2194','Australia','','','0000-00-00','',1),(37,'asdf','asdfsdf','1983-12-06','test@test.test','+61432342342','asd asd asd','asdfasdf 234','asdfsadf2','ACT','ACT','2143','Australia','','','0000-00-00','',1),(38,'Annie','Tran','1986-12-03','annie.tran@Chubb.com','+61425622244','hfhdf','123 Test St','','Sydney','NSW','2000','Australia','Duc','Tran','0000-00-00','',1),(39,'Annie','Tran','1986-12-03','annie.tran@Chubb.com','+61425622244','hfhdf','123 Test St','','Sydney','NSW','2000','Australia','Duc','Tran','0000-00-00','',1),(40,'Annei','Tran','1986-12-09','annie.tran@Chubb.com','+61425622244','','100 Test Ave','','NSW','NSW','2000','Australia','','','0000-00-00','',1),(41,'Girish','Rao','1998-12-03','girish.rao@chubb.com','+61435592811','','24, O\'connell St','','Sutherland','NSW','2000','Australia','Spouse','Rao','0000-00-00','',1),(42,'Girish','rao','1998-12-10','girish.rao@chubb.com','+61433524354','','Unit 1 test Street','','Sutherland','NSW','2000','Australia','test','Spouse','0000-00-00','',1),(43,'First','Last','1993-12-08','jayen@skedgo.com','+61430583733','a','Address','','Region','NSW','2194','Australia','','','0000-00-00','',1),(44,'First','Last','1993-12-09','jayen@skedgo.com','+61412345678','','Address','','Region','NSW','2194','Australia','','','0000-00-00','',1),(45,'First','Last','1980-12-09','jayen@skedgo.com','+61412356789','','Address','','Region','NSW','2194','Australia','','','0000-00-00','',1),(46,'asdf','asdfsdf','1983-12-06','test@test.test','+61244324234','','asdfasdf 234','asdfsadf2','ACT','ACT','2143','Australia','asdf','asdfsdf','0000-00-00','',1),(47,'First','Last','1990-12-11','jayen@skedgo.com','+61412345678','','Address','Address2','Region','NSW','2194','Australia','','','0000-00-00','',1),(48,'Girish','Rao','1991-12-04','girish.rao@chubb.com','+61435592811','','24, O\'connell St','','Sutherland','NSW','2000','Australia','Spouse','One','0000-00-00','',1),(49,'Girish','Rao','1991-12-04','girish.rao@chubb.com','+61435592811','','24, O\'connell St','','Sutherland','NSW','2000','Australia','Spouse','One','0000-00-00','',1),(50,'Girish','Rao','1991-12-04','girish.rao@chubb.com','+61435592811','','24, O\'connell St','','Sutherland','NSW','2000','Australia','','','0000-00-00','',1),(51,'Girish','Rao','1986-12-18','girish.rao@chubb.com','+61435592811','','24, O\'connell St','','Sutherland','NSW','2000','Australia','','','0000-00-00','',1),(52,'asdf','asdfsdf','1984-12-11','test@test.test','+61322123123','','asdfasdf 234','asdfsadf2','ACT','ACT','2143','Australia','','','0000-00-00','',1),(53,'Annei','Tran','1986-12-02','annie.tran@Chubb.com','+61425622244','','100 Test Ave','','Sydney','NSW','2000','Australia','','','0000-00-00','',1),(54,'asdf','asdfsdf','1965-12-08','test@test.test','+61234234234','','asdfasdf 234','asdfsadf2','ACT','ACT','2143','Australia','','','0000-00-00','',1),(55,'First','Last','1993-12-15','jayen@skedgo.com','+61412345678','','Address','Address2','Region','NSW','2194','Australia','','','0000-00-00','',1),(56,'asdf','asdfsdf','1972-12-12','mr.silentstorm@gmail.com','+61234234234','','asdfasdf 234','asdfsadf2','ACT','ACT','2143','Australia','','','0000-00-00','',1),(57,'asdf','asdfsdf','1983-12-01','test@test.test','+61234234234','','asdfasdf 234','asdfsadf2','ACT','ACT','2143','Australia','','','0000-00-00','',1),(58,'asdf','asdfsdf','1972-12-07','mr.silentstorm@gmail.com','+61222222222','','asdfasdf 234','asdfsadf2','ACT','ACT','2143','Australia','','','0000-00-00','',1),(59,'Luke','Sawyer','1979-03-06','luke.f.sawyer@gmail.com','+61478536184','','29 Devine Street','','NSW','NSW','2043','Australia','','','0000-00-00','',1),(60,'First','Last','1950-12-19','jayen@skedgo.com','+61412345678','','Address','','Region','NSW','2194','Australia','','','0000-00-00','',1),(61,'First','Last','1950-12-19','jayen@skedgo.com','+61412345678','','Address','','Region','NSW','2194','Australia','','','0000-00-00','',1),(62,'First','Last','1950-12-19','jayen@skedgo.com','+61412345678','','Address','','Region','NSW','2194','Australia','','','0000-00-00','',1),(63,'First','Last','1950-12-19','jayen@skedgo.com','+61412345678','','Address','','Region','NSW','2194','Australia','','','0000-00-00','',1),(64,'Girish','Rao','1986-12-11','girish.rao@chubb.com','+61435592811','','18/50-56 Merton Street','','Sydney','NSW','2000','Australia','Sophie','Roach','0000-00-00','',1),(65,'Girish','Rao','1986-12-11','girish.rao@chubb.com','+61435592811','','18/50-56 Merton Street','','Sydney','NSW','2000','Australia','Sophie','Roach','0000-00-00','',1),(66,'Girish','Rao','1986-12-11','girish.rao@chubb.com','+61435592811','','18/50-56 Merton Street','','Sydney','NSW','2000','Australia','Sophie','Roach','0000-00-00','',1),(67,'Girish','Rao','1998-12-09','girish.rao@chubb.com','+61435592811','','18/50-56 Merton Street','','Sutherland','NSW','2000','Australia','','','0000-00-00','',1),(68,'Girish','Rao','1988-12-07','girish.rao@chubb.com','+61435592811','','18/50-56 Merton Street','','Sutherland','NSW','2000','Australia','Girish','Rao','0000-00-00','',1),(69,'Girish','Rao','1988-12-07','girish.rao@chubb.com','+61435592811','','18/50-56 Merton Street','','Sutherland','NSW','2000','Australia','Girish','Rao','0000-00-00','',1),(70,'Girish','Rao','1988-12-07','girish.rao@chubb.com','+61435592811','','18/50-56 Merton Street','','Sutherland','NSW','2000','Australia','Girish','Rao','0000-00-00','',1),(71,'Girish','Rao','1988-12-07','girish.rao@chubb.com','+61435592811','','18/50-56 Merton Street','','Sutherland','NSW','2000','Australia','SPouse','One','0000-00-00','',1),(72,'Girish','rao','1982-01-14','girish.rao@chubb.com','+61435592811','','1 Sussex St','','Sutherland','NSW','2230','Australia','','','0000-00-00','',1),(73,'Girish','Rao','1971-12-16','girish.rao@chubb.com','+61435592811','','1 Test','St','Gymea','NSW','2221','Australia','Spuse','two','0000-00-00','',1),(74,'Girihs','Rao','1971-12-15','girish.rao@chubb.com','+61435592811','','1 Kent','St','Sutherland','VIC','3145','Australia','SPouse','One','0000-00-00','',1),(75,'asfasf','safsafas','1984-12-20','asdfsa@fdsfds.com','+61333322222','','afasfasf','asfsadf','sdaf','ACT','3333','Australia','','','0000-00-00','',1),(76,'First','Last','1950-12-21','jayen@skedgo.com','+61412345678','','Address','Address2','Region','NSW','2194','Australia','','','0000-00-00','',1),(77,'Annei','Tran','1986-01-09','annie.tran@Chubb.com','+61425622244','','100 Test Ave','','NSW','NSW','2000','Australia','','','0000-00-00','',1),(78,'Girish','Rao','1971-12-01','girish.rao@chubb.com','+61435592811','','18/50-56 Merton Street','','sutho','NSW','2000','Australia','','','0000-00-00','',1),(79,'Girish','Rao','1971-01-22','girish.rao@chubb.com','+61435592811','','18/50-56 Merton Street','','Brisbane','QLD','2000','Australia','','','0000-00-00','',1),(80,'Annie','Tran','1996-01-19','annie.tran@Chubb.com','+61425622244','','123 Test St','','Test','NSW','2000','Australia','','','0000-00-00','',1),(81,'Annie','Tran','1947-11-04','annie.tran@Chubb.com','+61425622244','','100 Test Ave','','Brissy','VIC','2000','Australia','','','0000-00-00','',1),(82,'Girish','Rao','1986-01-10','girish.rao@chubb.com','+61478270539','','18/50-56 Merton Street','','Silverwater','VIC','3156','Australia','','','0000-00-00','',1),(83,'Girish','Rao','1986-01-10','girish.rao@chubb.com','+61478270539','','18/50-56 Merton Street','','Silverwater','VIC','3156','Australia','','','0000-00-00','',1),(84,'Girish','Rao','1986-01-10','girish.rao@chubb.com','+61478270539','','18/50-56 Merton Street','','Silverwater','VIC','3156','Australia','','','0000-00-00','',1),(85,'Girish','rao','1981-01-22','girish.rao@chubb.com','+61478207539','','1 South St','','Campbell Town','NSW','2232','Australia','','','0000-00-00','',1),(86,'asdf','asdfsdf','1971-12-08','test@test.test','+61543534534','','asdfasdf 234','asdfsadf2','ACT','WA','2143','Australia','','','0000-00-00','',1),(87,'First','Last','1950-12-23','jayen@skedgo.com','+61412345678','','Address','','Region','NSW','2194','Australia','','','0000-00-00','',1),(88,'First','Last','1950-12-20','jayen@skedgo.com','+61412345678','','Address','','Region','NSW','2194','Australia','','','0000-00-00','',1),(89,'Annei','Tran','1986-12-09','annie.tran@Chubb.com','+61425622244','','100 Test Ave','','2000','NSW','2000','Australia','','','0000-00-00','',1),(90,'An','Tran','1986-02-14','annie.tran@Chubb.com','+61425622244','','100 Test Ave','','3000','NSW','2000','Australia','','','0000-00-00','',1),(91,'Annei','Tran','1986-12-10','annie.tran@Chubb.com','+61425622244','','100 Test Ave','','3001','VIC','2000','Australia','','','0000-00-00','',1),(92,'First','Last','1950-12-28','jayen@skedgo.com','+61412345678','','Address1','','Suburb','NSW','2194','Australia','','','0000-00-00','',1),(93,'asdf','asdfsdf','1972-12-07','gg@gg.gg','+61123423423','','asdfasdf 234','asdfsadf2','ACT','ACT','2143','Australia','','','0000-00-00','',0),(94,'asdf','asdfsdf','1972-12-05','gg@gg.gg','+61123231231','','asdfasdf 234','','ACT','NSW','2143','Australia','','','0000-00-00','',1),(95,'First','Last','1950-12-30','jayen@skedgo.com','+61412345678','','Address','','Region','NSW','2194','Australia','','','0000-00-00','',1),(96,'First','Last','1950-12-30','jayen@skedgo.com','+61412345678','','Address','','Region','NSW','2194','Australia','SecondFirst','SecondLast','0000-00-00','',1),(97,'First','Last','1950-12-30','jayen+3@skedgo.com','+61412345678','','Address','','Region','NSW','2194','Australia','','','0000-00-00','',0),(98,'First','Last','1950-12-30','jayen@skedgo.com','+61412345678','','Address','','Region','NSW','2194','Australia','','','0000-00-00','',1),(99,'First','Last','1950-12-30','jayen@skedgo.com','+61400000000','','Address','','Region','NSW','2194','Australia','','','0000-00-00','',1),(100,'asdf','asdfsdf','1972-12-26','test@test.test','+61435234563','','asdfasdf 234','asdfsadf2','ACT','ACT','2143','Australia','','','0000-00-00','',1),(101,'First','Last','1950-12-31','jayen+4@skedgo.com','+61412345678','','Address','','Region','NSW','2194','Australia','','','0000-00-00','',1),(102,'Girish','Rao','1972-01-02','girish.rao@chubb.com','+61435592811','','24, O\'connell St','','Sutherland','NSW','2000','Australia','Spouse','test','0000-00-00','',1),(103,'Girish','Rao','1972-01-02','girish.rao@chubb.com','+61435592811','','24, O\'connell St','','Sutherland','NSW','2000','Australia','Spouse','test','0000-00-00','',1),(104,'Girish','Rao','1972-01-03','girish.rao@chubb.com','+61435592811','','24, O\'connell St','','Sutherland','NSW','2000','Australia','Spouse','test','0000-00-00','',1),(105,'Girish','Rao','1972-01-02','girish.rao@chubb.com','+61435592811','','18/50-56 Merton Street','','Sutherland','NSW','2000','Australia','Spouse','test','0000-00-00','',1),(106,'First','Last','1951-01-01','jayen@skedgo.com','+61412345678','','Address','','Region','NSW','2194','Australia','','','0000-00-00','',1),(107,'Girish','Rao','1972-01-02','girish.rao@chubb.com','+61435592811','','24, O\'connell St','','Noosa','QLD','4560','Australia','Spouse','One','0000-00-00','',1),(108,'Girish','Rao','1982-01-03','girish.rao@chubb.com','+61435592811','','51 Berry St','','North Sydney','NSW','2000','Australia','','','0000-00-00','',1),(109,'Girish','Rao','1982-01-03','girish.rao@chubb.com','+61435592811','','51 Berry St','','North Sydney','NSW','2000','Australia','','','0000-00-00','',1),(110,'Girish','Rao','1982-01-03','girish.rao@chubb.com','+61435592811','','51 Berry St','','North Sydney','NSW','2000','Australia','','','0000-00-00','',1),(111,'Girish','Rao','1982-01-03','girish.rao@chubb.com','+61435592811','','51 Berry St','','North Sydney','NSW','2000','Australia','','','0000-00-00','',1),(112,'Girish','Rao','1982-01-03','girish.rao@chubb.com','+61435592811','','1 Test','St','Gymea','NSW','2000','Australia','','','0000-00-00','',1),(113,'Girish','Rao','1983-01-02','girish.rao@chubb.com','+61435592811','','1 Clarence St','','North Sydney','WA','6020','Australia','Spouse','One','0000-00-00','',1),(114,'Girish','Rao','1983-01-02','girish.rao@chubb.com','+61435592811','','1 Clarence St','','North Sydney','WA','6020','Australia','Spouse','One','0000-00-00','',1),(115,'Girish','Rao','1983-01-02','girish.rao@chubb.com','+61435592811','','1 Clarence St','','North Sydney','WA','6020','Australia','Spouse','One','0000-00-00','',1),(116,'Girish','Rao','1983-01-02','girish.rao@chubb.com','+61435592811','','1 Clarence St','','North Sydney','WA','6020','Australia','Spouse','One','0000-00-00','',1),(117,'Girish','Rao','1989-02-01','girish.rao@chubb.com','+61435592811','','1 north st','','Hobart','TAS','5466','Australia','','','0000-00-00','',1),(118,'Girish','Rao','1989-02-01','girish.rao@chubb.com','+61435592811','','1 north st','','Hobart','TAS','5466','Australia','','','0000-00-00','',1),(119,'Girish','Rao','1976-01-07','girish.rao@chubb.com','+61435592811','','51 Berry St','','Surfers paradise','QLD','4561','Australia','Spouse','one','0000-00-00','',1),(120,'Firstname','Lastname','1986-01-01','girish.rao@chubb.com','+61435592811','','24, O\'connell St','','Kirrawee','NSW','2000','Australia','','','0000-00-00','',1),(121,'Firistname','lastname','1988-01-14','girish.rao@chubb.com','+61435592811','','1 Joint St','','sunny banks','NSW','2000','Australia','','','0000-00-00','',1),(122,'Girish','Rao','1982-01-03','girish.rao@chubb.com','+61435592811','','24, O\'connell St','','Sydney','NSW','2000','Australia','','','0000-00-00','',1),(123,'Girish','Rao','1985-01-01','girish.rao@chubb.com','+61293353388','','1 Olive St','','Chelsea','NSW','2060','Australia','','','0000-00-00','',1),(124,'asdf','asdfsdf','1984-01-01','test@test.test','+61143242354','','asdfasdf 234','asdfsadf2','sadf','ACT','2143','Australia','','','0000-00-00','',1),(125,'test','test','1984-01-01','test@test.test','+61363463463','','test','','test','SA','1234','Australia','','','0000-00-00','',1),(126,'test','test','1975-01-01','test@test.test','+61213423451','','test','','sdfq','ACT','1231','Australia','','','0000-00-00','',1),(127,'Girish','Rao','1972-01-03','girish.rao@chubb.com','+61435592811','','24, O\'connell St','','Sydney','NSW','2000','Australia','','','0000-00-00','',1),(128,'Girish','Rao','1972-01-03','girish.rao@chubb.com','+61435592811','','24, O\'connell St','','Sydney','NSW','2000','Australia','','','0000-00-00','',1),(129,'Girish','Rao','1978-01-03','girish.rao@chubb.com','+61435592811','','24, O\'connell St','','Sydney','NSW','2000','Australia','','','0000-00-00','',1),(130,'Girish','Rao','1982-02-01','girish.rao@chubb.com','+61435592811','','1 Devon St','','Gy','ACT','2040','Australia','','','0000-00-00','',1),(131,'Girish','Rao','1972-01-04','girish.rao@chubb.com','+61435592811','','24, O\'connell St','','Sydney','NSW','2000','Australia','Spouse','one','0000-00-00','',1),(132,'Annie','Tran','1961-02-15','annie.tran@Chubb.com','+61425622244','','123 Test St','','Canberra','ACT','4001','Australia','','','0000-00-00','',1),(133,'Annei','Tran','1961-02-08','annie.tran@Chubb.com','+61425622244','','100 Test Ave','','Sydney','ACT','2000','Australia','','','0000-00-00','',1),(134,'Annei','Tran','1986-02-20','annie.tran@Chubb.com','+61425622244','','100 Test Ave','','Sydney','NSW','2000','Australia','','','0000-00-00','',1),(135,'Girish','Rao','1989-01-04','girish.rao@chubb.com','+61435592811','','24, O\'connell St','','Sydney','NSW','2000','Australia','','','0000-00-00','',1),(136,'Annie','Tran','1997-01-07','annie.tran@chubb.com','+61425622244','','101 Miller Street','','North Sydney','NSW','2000','Australia','','','0000-00-00','',1),(137,'Girish','Rao','1989-02-01','girish.rao@chubb.com','+61435592811','','1 Alexander Ave','','Perth','WA','6004','Australia','Second','Travellers','0000-00-00','',1),(138,'Annie','Tran','1977-01-03','annie.tran@Chubb.com','+61425622244','','123 Test St','','Sydney','NSW','1230','Australia','Juan','HJd','0000-00-00','',1),(139,'Girish','Rao','1994-01-03','girish.rao@chubb.com','+61435592811','','24, O\'connell St','','Sydney','NSW','2000','Australia','','','0000-00-00','',1),(140,'Test','Smith','1980-01-09','rediss01@gmail.com','+61412345678','','1','George Street','Sydney','NSW','2000','Australia','','','0000-00-00','',1),(141,'Test','Jones','1990-01-17','rediss01@gmail.com','+61412345678','','1','George Street','Sydney','NSW','2000','Australia','','','0000-00-00','',1),(142,'test','jones','1994-01-03','rediss01@gmail.com','+61412345678','','1','George Street','Sydney','NSW','2000','Australia','','','0000-00-00','',1),(143,'Test','Williams','1961-01-13','rediss01@gmail.com','+61412345678','','1','George Street','Sydney','NSW','2000','Australia','','','0000-00-00','',1),(144,'John','Smith','1962-01-06','admin@iteora.mail','+61435345346','','444','','222','ACT','3332','Australia','','','0000-00-00','',1),(145,'Girish','Rao','1979-01-02','girish.rao@chubb.com','+61435592811','','18/50-56 Merton Street','','Sydney','NSW','2000','Australia','','','0000-00-00','',1),(146,'Girish','Rao','1965-01-05','girish.rao@chubb.com','+61293353388','','24, O\'connell St','','Sydney','NSW','2000','Australia','','','0000-00-00','',1),(147,'Girish','Rao','1965-01-05','girish.rao@chubb.com','+61293353388','','24, O\'connell St','','Sydney','NSW','2000','Australia','','','0000-00-00','',1),(148,'Girish','Rao','1982-01-05','girish.rao@chubb.com','+61435592811','','1 Devon St','','Gymea','NSW','2040','Australia','','','0000-00-00','',1),(149,'Annei','Tran','1997-01-08','annie.tran@Chubb.com','+61425622244','','100 Test Ave','','Sydney','NSW','2000','Australia','','','0000-00-00','',1),(150,'Girish','Rao','1929-01-02','girish.rao@chubb.com','+61435592811','','24, O\'connell St','','Sydney','NSW','2000','Australia','','','0000-00-00','',1);
/*!40000 ALTER TABLE `order_details` ENABLE KEYS */;
UNLOCK TABLES;

--
-- Table structure for table `order_details_old`
--

DROP TABLE IF EXISTS `order_details_old`;
/*!40101 SET @saved_cs_client     = @@character_set_client */;
/*!40101 SET character_set_client = utf8 */;
CREATE TABLE `order_details_old` (
  `id` int(11) NOT NULL AUTO_INCREMENT,
  `name` varchar(255) NOT NULL,
  `surname` varchar(255) NOT NULL,
  `birth_date` date NOT NULL,
  `email` varchar(255) NOT NULL,
  `phone` varchar(255) NOT NULL,
  `passport` varchar(255) NOT NULL,
  `expiry` date NOT NULL,
  `company` varchar(255) NOT NULL,
  `country` varchar(255) NOT NULL,
  `city` varchar(255) NOT NULL,
  `zip_code` varchar(255) NOT NULL,
  `street` varchar(255) NOT NULL,
  `medical` varchar(255) NOT NULL,
  `medical_explain` varchar(255) NOT NULL,
  `subscribe` tinyint(1) NOT NULL,
  `interests` varchar(255) NOT NULL,
  PRIMARY KEY (`id`)
) ENGINE=InnoDB DEFAULT CHARSET=utf8;
/*!40101 SET character_set_client = @saved_cs_client */;

--
-- Dumping data for table `order_details_old`
--

LOCK TABLES `order_details_old` WRITE;
/*!40000 ALTER TABLE `order_details_old` DISABLE KEYS */;
/*!40000 ALTER TABLE `order_details_old` ENABLE KEYS */;
UNLOCK TABLES;

--
-- Table structure for table `order_payments`
--

DROP TABLE IF EXISTS `order_payments`;
/*!40101 SET @saved_cs_client     = @@character_set_client */;
/*!40101 SET character_set_client = utf8 */;
CREATE TABLE `order_payments` (
  `id` int(11) NOT NULL AUTO_INCREMENT,
  `name` varchar(255) NOT NULL,
  `card_number` varchar(255) NOT NULL,
  `date` varchar(255) NOT NULL,
  `cvc` varchar(255) NOT NULL,
  PRIMARY KEY (`id`)
) ENGINE=InnoDB AUTO_INCREMENT=10 DEFAULT CHARSET=utf8;
/*!40101 SET character_set_client = @saved_cs_client */;

--
-- Dumping data for table `order_payments`
--

LOCK TABLES `order_payments` WRITE;
/*!40000 ALTER TABLE `order_payments` DISABLE KEYS */;
INSERT INTO `order_payments` VALUES (1,'test test name','1234','11 / 22','123'),(2,'test test name','1231','12 / 31','123'),(3,'Sergey Yakovlev','4444222255553333','11 / 18','122'),(4,'a','1','11/2016','452'),(5,'test test name','1234 1234 1234 1234','12 / 42','123'),(6,'luke sawyer','5353556777897789','11 / 20','234'),(7,'CardName','0','11/2016','0'),(8,'CardName','1234567890123','11/2016','0'),(9,'CardName','5422882800700007','11/2016','0');
/*!40000 ALTER TABLE `order_payments` ENABLE KEYS */;
UNLOCK TABLES;

--
-- Table structure for table `orders`
--

DROP TABLE IF EXISTS `orders`;
/*!40101 SET @saved_cs_client     = @@character_set_client */;
/*!40101 SET character_set_client = utf8 */;
CREATE TABLE `orders` (
  `id` int(11) NOT NULL AUTO_INCREMENT,
  `user_id` int(11) NOT NULL,
  `partner_id` int(11) NOT NULL,
  `date` date NOT NULL,
  `countries` varchar(255) NOT NULL,
  `start_traveling` date NOT NULL,
  `end_traveling` date NOT NULL,
  `travellers` varchar(255) NOT NULL,
  `age` int(3) NOT NULL,
  `age2` int(3) NOT NULL,
  `kids` varchar(255) NOT NULL,
  `quote` varchar(255) NOT NULL,
  `detail_id` int(11) NOT NULL,
  `payment_id` int(11) NOT NULL,
  `price` decimal(11,2) NOT NULL,
  `pdf` text NOT NULL,
  `status` varchar(255) NOT NULL,
  `status_message` varchar(255) NOT NULL,
  `referral` varchar(255) NOT NULL,
  `unknown_referral` varchar(255) DEFAULT NULL,
  PRIMARY KEY (`id`)
) ENGINE=InnoDB AUTO_INCREMENT=169 DEFAULT CHARSET=utf8;
/*!40101 SET character_set_client = @saved_cs_client */;

--
-- Dumping data for table `orders`
--

LOCK TABLES `orders` WRITE;
/*!40000 ALTER TABLE `orders` DISABLE KEYS */;
INSERT INTO `orders` VALUES (25,25,6,'2016-11-27','Albania,Bangladesh','2016-11-28','2016-11-30','default',45,0,'12,12,10','Single',1,1,1000.00,'','Error','ErrorUnsuccessful Payment Transaction: Invalid card number (no such number) - card.PAN: Minimum length is 13There is no value associated with the property \'ACE.Global.Travel.PGW.Schemas.AsiaPay_Ref\' in the message.','',NULL),(26,2,6,'2016-11-27','Albania','2016-11-27','2016-11-27','default',34,0,'','Single',2,2,1000.00,'','Error','ErrorUnsuccessful Payment Transaction: Invalid card number (no such number) - card.PAN: Minimum length is 13There is no value associated with the property \'ACE.Global.Travel.PGW.Schemas.AsiaPay_Ref\' in the message.','',NULL),(27,26,6,'2016-11-27','Germany,United States','2016-12-06','2016-12-14','default',32,33,'','Single',3,3,1000.00,'','Error','ErrorUnsuccessful Payment Transaction: Invalid card number (no such number)','',NULL),(28,27,6,'2016-11-28','Viet Nam,Cambodia,Lao People\"S Democratic Republic,Thailand','2016-12-03','2016-12-29','default',40,0,'','Single',4,4,1000.00,'','Error','ErrorUnsuccessful Payment Transaction: Invalid card number (no such number) - card.PAN: Minimum length is 13There is no value associated with the property \'ACE.Global.Travel.PGW.Schemas.AsiaPay_Ref\' in the message.','',NULL),(29,2,6,'2016-11-28','Albania','2016-11-28','2016-11-30','2',45,0,'','Essential',5,5,63.00,'','Error','ErrorUnsuccessful Payment Transaction: Invalid card number (no such number)','',NULL),(30,29,1,'2016-11-28','Canada','2016-12-03','2016-12-29','2',40,0,'','Comprehensive',7,7,446.50,'','Error','ErrorUnsuccessful Payment Transaction: Invalid card number (no such number) - card.PAN: Minimum length is 13There is no value associated with the property \'ACE.Global.Travel.PGW.Schemas.AsiaPay_Ref\' in the message.','',NULL),(31,29,1,'2016-11-28','Canada','2016-12-03','2016-12-29','2',40,0,'','Comprehensive',8,8,446.50,'','Error','ErrorUnsuccessful Payment Transaction: Invalid card number (no such number)','',NULL),(32,29,6,'2016-11-28','Canada','2016-12-03','2016-12-29','2',40,0,'','Comprehensive',9,9,446.50,'','Rejected','RejectedInsured [1]: The minimum  age for the insured is 18 years.The total trip cost must be at least $        10. Void Transaction ACE_LF_20161128_13:44:48: Approved or completed successfully','',NULL),(34,2,1,'2016-11-30','Albania','2016-12-07','2016-12-07','2',45,0,'','Prestige',11,0,41.50,'','Error','ErrorUnsuccessful Payment Transaction: Invalid card number (no such number)','',NULL),(35,2,6,'2016-11-30','Albania','2016-12-07','2016-12-07','3',45,40,'','Comprehensive',12,0,60.00,'','Error','ErrorUnsuccessful Payment Transaction: Invalid card number (no such number)','',NULL),(37,29,1,'2016-12-01','Canada','2016-12-01','2016-12-01','3',33,22,'','Comprehensive',14,0,81.50,'','Rejected','RejectedThe travel start date (2016/11/30) cannot be before (2016/12/01). Void Transaction ACE_LF_20161201_06:14:06: Approved or completed successfully','',NULL),(38,2,1,'2016-12-01','Albania','2016-12-02','2016-12-05','2',40,0,'','Comprehensive',15,0,84.00,'','Error','ErrorUnsuccessful Payment Transaction: Invalid card number (no such number) - card.PAN: Required fieldThere is no value associated with the property \'ACE.Global.Travel.PGW.Schemas.AsiaPay_Ref\' in the message.','',NULL),(39,2,6,'2016-12-01','Albania','2016-12-02','2016-12-05','2',40,0,'','Comprehensive',16,0,84.00,'','Error','ErrorUnsuccessful Payment Transaction: Invalid card number (no such number)','',NULL),(40,30,1,'2016-12-01','Thailand','2016-12-02','2016-12-08','2',30,0,'','Essential',17,0,62.50,'','','','',NULL),(41,26,1,'2016-12-02','Germany','2016-12-05','2016-12-07','2',32,0,'','Comprehensive',18,0,41.50,'','Rejected','RejectedThe travel start date (2016/11/30) cannot be before (2016/12/03).There needs to be at least one insured details. Void Transaction ACE_PI_20161203_02:10:12: Approved or completed successfully','',NULL),(42,2,1,'2016-12-03','Albania','2016-12-04','2016-12-04','6',40,30,'1,2,3,4','Comprehensive',19,0,60.00,'','','','',NULL),(43,29,1,'2016-12-03','Canada','2016-12-04','2016-12-04','2',40,0,'1','Comprehensive',20,0,38.00,'','Rejected','RejectedInsured [2]: The minimum  age for the insured is 18 years. Void Transaction ACE_LF_20161203_15:58:04: Approved or completed successfully','',NULL),(44,29,1,'2016-12-04','Canada','2016-12-05','2016-12-05','3',1,2,'50','Comprehensive',21,0,35.00,'','Rejected','RejectedInsured [1]: The minimum  age for the insured is 18 years.Insured [2]: The minimum  age for the insured is 18 years.This insured type does not allow more than 2 adults. Void Transaction ACE_LF_20161204_07:20:52: Approved or completed successfully','',NULL),(45,29,1,'2016-12-04','Canada','2016-12-05','2016-12-05','2',40,0,'','Comprehensive',22,0,35.00,'','Rejected','RejectedRequest rejected. Payment authorization premium is different from policy premium. Void Transaction ACE_LF_20161204_14:24:24: Approved or completed successfully','',NULL),(46,29,1,'2016-12-04','Cambodia','2016-12-05','2016-12-05','2',4,0,'5','Comprehensive',23,0,25.50,'','Rejected','RejectedRequest rejected. Payment authorization premium is different from policy premium. Void Transaction ACE_LF_20161204_17:42:22: Approved or completed successfully','',NULL),(47,31,1,'2016-12-05','Canada','2016-12-05','2016-12-05','2',33,0,'','Comprehensive',24,0,40.00,'https://crs.atuat.acegroup.com/DocumentHandling/DocumentHandler.ashx?dt=proposal&pi=92658010-e500-4adc-b673-a6d201774074&sd=2016-12-04T22%3a46%3a15.9774636Z&ed=2199-12-31T00%3a00%3a00','Success','SuccessPolicy Accepted','',NULL),(48,29,1,'2016-12-05','Australia','2016-12-05','2016-12-05','2',45,0,'','Comprehensive',25,0,18.00,'https://crs.atuat.acegroup.com/DocumentHandling/DocumentHandler.ashx?dt=proposal&pi=fff5ffea-d7b6-485a-a6a3-a6d201882bd4&sd=2016-12-04T23%3a47%3a51.6783483Z&ed=2199-12-31T00%3a00%3a00','Success','SuccessPolicy Accepted','',NULL),(49,28,1,'2016-12-06','Thailand','2016-12-13','2016-12-20','2',38,0,'','Comprehensive',26,0,128.00,'https://crs.atuat.acegroup.com/DocumentHandling/DocumentHandler.ashx?dt=proposal&pi=a2abad9a-b2c2-4ce4-aba7-a6d40097f5e8&sd=2016-12-06T09%3a13%3a16.6824063Z&ed=2199-12-31T00%3a00%3a00','Success','SuccessPolicy Accepted','',NULL),(50,28,1,'2016-12-06','United States','2017-01-17','2017-01-25','2',31,0,'','Comprehensive',27,0,148.50,'https://crs.atuat.acegroup.com/DocumentHandling/DocumentHandler.ashx?dt=proposal&pi=16c0a7cc-c568-4279-946b-a6d400a159f0&sd=2016-12-06T09%3a47%3a28.0434615Z&ed=2199-12-31T00%3a00%3a00','Success','SuccessPolicy Accepted','',NULL),(51,28,1,'2016-12-06','France','2016-12-14','2016-12-22','2',33,0,'','Comprehensive',30,0,108.00,'https://crs.atuat.acegroup.com/DocumentHandling/DocumentHandler.ashx?dt=proposal&pi=3a8bac07-7b44-479a-bbb4-a6d400fe640e&sd=2016-12-06T15%3a26%3a12.8348901Z&ed=2199-12-31T00%3a00%3a00','Success','SuccessPolicy Accepted','',NULL),(52,2,1,'2016-12-07','Albania','2016-12-07','2016-12-07','2',32,0,'','Comprehensive',31,0,40.00,'https://crs.atuat.acegroup.com/DocumentHandling/DocumentHandler.ashx?dt=proposal&pi=49213cfd-29fc-4622-82aa-a6d5000fa7a6&sd=2016-12-07T00%3a57%3a00.2663763Z&ed=2199-12-31T00%3a00%3a00','Success','SuccessPolicy Accepted','',NULL),(53,28,1,'2016-12-08','Indonesia','2017-01-03','2017-01-18','2',32,0,'','Essential',32,0,190.50,'','','','',NULL),(54,33,1,'2016-12-08','Tanzania, United Republic of','2016-12-09','2016-12-31','2',18,0,'','Comprehensive',33,0,275.50,'https://crs.atuat.acegroup.com/DocumentHandling/DocumentHandler.ashx?dt=proposal&pi=24961340-033e-48c4-b45c-a6d501733264&sd=2016-12-07T22%3a31%3a30.1017042Z&ed=2199-12-31T00%3a00%3a00','Success','SuccessPolicy Accepted','',NULL),(55,29,1,'2016-12-08','Canada','2016-12-08','2016-12-08','2',34,0,'','Comprehensive',34,0,40.00,'https://crs.atuat.acegroup.com/DocumentHandling/DocumentHandler.ashx?dt=proposal&pi=7a1aef4f-0479-4e7e-ae2f-a6d5017cad8e&sd=2016-12-07T23%3a06%3a00.7047817Z&ed=2199-12-31T00%3a00%3a00','Success','SuccessPolicy Accepted','',NULL),(56,34,1,'2016-12-08','Canada','2016-12-08','2016-12-09','2',35,0,'','Comprehensive',35,0,41.50,'https://crs.atuat.acegroup.com/DocumentHandling/DocumentHandler.ashx?dt=proposal&pi=c2b8d91a-136a-4e8c-ad05-a6d5018077c6&sd=2016-12-07T23%3a19%3a48.5918287Z&ed=2199-12-31T00%3a00%3a00','Success','SuccessPolicy Accepted','',NULL),(57,29,1,'2016-12-08','Canada','2016-12-08','2016-12-08','2',23,0,'','Comprehensive',36,0,37.00,'https://crs.atuat.acegroup.com/DocumentHandling/DocumentHandler.ashx?dt=proposal&pi=a70bac18-aaf0-4551-84b8-a6d5018697d1&sd=2016-12-07T23%3a42%3a06.5921723Z&ed=2199-12-31T00%3a00%3a00','Success','SuccessPolicy Accepted','',NULL),(58,2,1,'2016-12-08','Albania','2016-12-15','2016-12-17','2',33,0,'','Comprehensive',37,0,38.00,'https://crs.atuat.acegroup.com/DocumentHandling/DocumentHandler.ashx?dt=proposal&pi=61a9ce7c-7dd3-48f6-a6b2-a6d600265401&sd=2016-12-08T02%3a19%3a33.1443731Z&ed=2199-12-31T00%3a00%3a00','Success','SuccessPolicy Accepted','',NULL),(59,30,1,'2016-12-08','United Kingdom','2017-01-01','2017-01-31','3',18,39,'','Comprehensive',41,0,504.00,'https://crs.atuat.acegroup.com/DocumentHandling/DocumentHandler.ashx?dt=proposal&pi=faba35c0-fdfa-4c5b-b8cc-a6d6003fac56&sd=2016-12-08T03%3a51%3a50.4935716Z&ed=2199-12-31T00%3a00%3a00','Success','SuccessPolicy Accepted','',NULL),(60,30,1,'2016-12-08','Thailand','2016-12-13','2016-12-29','3',18,30,'','Comprehensive',42,0,401.50,'https://crs.atuat.acegroup.com/DocumentHandling/DocumentHandler.ashx?dt=proposal&pi=e1467fc1-e624-48ce-ac9c-a6d6004ee6ce&sd=2016-12-08T04%3a47%3a16.6717739Z&ed=2199-12-31T00%3a00%3a00','Success','SuccessPolicy Accepted','',NULL),(61,29,1,'2016-12-08','Canada','2016-12-08','2016-12-08','2',23,0,'','Comprehensive',43,0,32.50,'https://crs.atuat.acegroup.com/DocumentHandling/DocumentHandler.ashx?dt=proposal&pi=a2b4cd55-94b9-4a85-9584-a6d60093e6bf&sd=2016-12-08T08%3a58%3a29.7768229Z&ed=2199-12-31T00%3a00%3a00','Success','SuccessPolicy Accepted','',NULL),(62,29,1,'2016-12-09','Canada','2016-12-09','2016-12-09','2',23,0,'','Comprehensive',44,0,32.50,'https://crs.atuat.acegroup.com/DocumentHandling/DocumentHandler.ashx?dt=proposal&pi=584ecff8-986d-488c-8c6e-a6d7000d5cfa&sd=2016-12-09T00%3a48%3a39.7658643Z&ed=2199-12-31T00%3a00%3a00','Success','SuccessPolicy Accepted','',NULL),(63,29,1,'2016-12-09','Canada','2016-12-09','2016-12-09','2',36,0,'','Comprehensive',45,0,31.50,'','Failed send','','',NULL),(64,2,1,'2016-12-10','Albania','2016-12-11','2016-12-11','4',33,56,'17,17','Comprehensive',46,0,42.50,'','Failed send','','',NULL),(65,29,1,'2016-12-11','Canada','2016-12-11','2016-12-11','2',26,0,'','Comprehensive',47,0,30.50,'','Failed send','','',NULL),(66,30,1,'2016-12-12','United Kingdom','2016-12-12','2016-12-19','4',25,56,'15,17','Comprehensive',48,0,100.50,'','Failed send','','',NULL),(67,30,1,'2016-12-12','United Kingdom','2016-12-12','2016-12-19','4',25,56,'15,17','Comprehensive',49,0,100.50,'','Failed send','','',NULL),(68,30,1,'2016-12-12','United Kingdom','2016-12-12','2016-12-19','2',25,0,'','Essential',50,0,47.00,'','Failed send','','',NULL),(69,30,1,'2016-12-12','Thailand,Australia','2016-12-19','2016-12-25','2',30,0,'10','Comprehensive',51,0,72.00,'','Failed send','','',NULL),(70,2,1,'2016-12-13','Algeria','2016-12-13','2016-12-20','2',32,0,'','Comprehensive',52,0,81.00,'','Failed send','','',NULL),(71,33,1,'2016-12-13','New Zealand','2016-12-14','2016-12-30','2',30,0,'','Comprehensive',53,0,155.50,'','Failed send','','',NULL),(72,2,1,'2016-12-15','Albania|Israel, the Gaza Strip and the West Bank','2016-12-15','2016-12-22','2',51,0,'','Comprehensive',54,0,53.50,'https://crs.atuat.acegroup.com/DocumentHandling/DocumentHandler.ashx?dt=proposal&pi=986b1862-7bb6-40c6-ae36-a6dd0010f79f&sd=2016-12-15T01%3a01%3a46.8715816Z&ed=2199-12-31T00%3a00%3a00','Success','SuccessPolicy Accepted','',NULL),(73,29,1,'2016-12-15','Canada','2016-12-15','2016-12-22','2',23,0,'','Comprehensive',55,0,84.50,'','Failed send','','',NULL),(74,25,1,'2016-12-15','Algeria','2016-12-15','2016-12-22','2',44,0,'','Comprehensive',56,0,75.50,'https://crs.atuat.acegroup.com/DocumentHandling/DocumentHandler.ashx?dt=proposal&pi=b84d9748-f9a5-4ecf-8d9c-a6dd00c00158&sd=2016-12-15T11%3a39%3a04.4636527Z&ed=2199-12-31T00%3a00%3a00','Success','SuccessPolicy Accepted','',NULL),(75,2,1,'2016-12-16','Albania','2016-12-16','2016-12-23','3',33,0,'12,11','Comprehensive',57,0,70.50,'','Rejected','Insured [2]: The minimum  age for the insured is 18 years.Insured [3]: The minimum  age for the insured is 18 years.This insured type does not allow more than 2 adults. Void Transaction ACE_AA_20161216_10:53:23: Approved or completed successfully','',NULL),(76,25,1,'2016-12-17','Albania|Algeria','2016-12-17','2016-12-24','2',44,0,'','Comprehensive',58,0,55.50,'https://crs.atuat.acegroup.com/DocumentHandling/DocumentHandler.ashx?dt=proposal&pi=5876ab8b-6869-4ed8-8d61-a6df001444ed&sd=2016-12-17T01%3a13%3a48.4773448Z&ed=2199-12-31T00%3a00%3a00','Success','Policy Accepted','',NULL),(77,28,1,'2016-12-18','Indonesia','2016-12-20','2016-12-25','2',37,0,'','Essential',59,0,54.00,'','Error','Unsuccessful Payment Transaction: Invalid Parameters - card.expiryMonth: Must be less than or equal to 12There is no value associated with the property \'ACE.Global.Travel.PGW.Schemas.AsiaPay_Ref\' in the message.','',NULL),(78,29,1,'2016-12-18','Canada','2016-12-19','2016-12-25','2',66,0,'','Comprehensive',60,0,74.50,'https://crs.atuat.acegroup.com/DocumentHandling/DocumentHandler.ashx?dt=proposal&pi=0a7554be-9c11-42d5-91ad-a6e0015334d8&sd=2016-12-18T20%3a35%3a01.1574149Z&ed=2199-12-31T00%3a00%3a00','Success','Policy Accepted','',NULL),(79,29,1,'2016-12-19','Canada','2016-12-19','2016-12-25','2',66,0,'1','Comprehensive',61,0,74.50,'','Error','Unsuccessful Payment Transaction: Invalid card number (no such number)','',NULL),(80,29,1,'2016-12-19','Canada|Bali','2016-12-19','2016-12-25','2',66,0,'1','Comprehensive',62,0,49.50,'','Rejected','Insured [2]: The minimum  age for the insured is 18 years. Void Transaction ACE_LF_20161219_05:30:10: Approved or completed successfully','',NULL),(81,29,1,'2016-12-19','Canada|Bali','2016-12-19','2016-12-25','2',66,0,'1','Comprehensive',63,0,49.50,'','Rejected','Insured [2]: The minimum  age for the insured is 18 years. Void Transaction ACE_LF_20161219_05:31:40: Approved or completed successfully','',NULL),(82,30,1,'2016-12-19','Thailand','2016-12-19','2016-12-26','4',30,81,'17,17','Comprehensive',64,0,166.00,'','Rejected','Insured [3]: The minimum  age for the insured is 18 years.Insured [4]: The minimum  age for the insured is 18 years.This insured type does not allow more than 2 adults. Void Transaction ACE_RG_20161219_08:18:26: Approved or completed successfully','',NULL),(83,30,1,'2016-12-19','Thailand','2016-12-19','2016-12-26','4',30,81,'17,17','Comprehensive',65,0,166.00,'','Rejected','Insured [3]: The minimum  age for the insured is 18 years.Insured [4]: The minimum  age for the insured is 18 years.This insured type does not allow more than 2 adults. Void Transaction ACE_RG_20161219_08:18:40: Approved or completed successfully','',NULL),(84,30,1,'2016-12-19','Thailand','2016-12-19','2016-12-26','4',30,81,'17,17','Comprehensive',66,0,166.00,'','Rejected','Insured [3]: The minimum  age for the insured is 18 years.Insured [4]: The minimum  age for the insured is 18 years.This insured type does not allow more than 2 adults. Void Transaction ACE_RG_20161219_08:20:19: Approved or completed successfully','',NULL),(85,30,1,'2016-12-19','Thailand','2016-12-19','2016-12-26','2',18,0,'','Comprehensive',67,0,60.00,'https://crs.atuat.acegroup.com/DocumentHandling/DocumentHandler.ashx?dt=proposal&pi=59e7d642-2208-443f-9480-a6e1004d714d&sd=2016-12-19T04%3a41%3a57.8253904Z&ed=2199-12-31T00%3a00%3a00','Success','Policy Accepted','',NULL),(86,30,1,'2016-12-20','Indonesia','2016-12-20','2016-12-27','3',28,84,'23','Comprehensive',68,0,203.50,'','Rejected','This insured type does not allow more than 2 adults. Void Transaction ACE_RG_20161220_12:05:18: Approved or completed successfully','',NULL),(87,30,1,'2016-12-20','Indonesia','2016-12-20','2016-12-27','3',28,84,'23','Comprehensive',69,0,203.50,'','Error','Unsuccessful Payment Transaction: Invalid card number (no such number)','',NULL),(88,30,1,'2016-12-20','Indonesia','2016-12-20','2016-12-27','3',28,84,'23','Comprehensive',70,0,203.50,'','Rejected','This insured type does not allow more than 2 adults. Void Transaction ACE_RG_20161220_12:08:33: Approved or completed successfully','',NULL),(89,30,1,'2016-12-20','Indonesia','2016-12-20','2017-12-19','3',28,37,'','Comprehensive',71,0,1.00,'','Rejected','Request rejected. Payment authorization premium is different from policy premium. Void Transaction ACE_RG_20161220_12:18:27: Approved or completed successfully','',NULL),(90,30,1,'2016-12-20','India','2017-01-01','2017-01-19','2',34,0,'','Comprehensive',72,0,157.50,'https://crs.atuat.acegroup.com/DocumentHandling/DocumentHandler.ashx?dt=proposal&pi=3b16df3d-8217-462d-89c3-a6e2004af9b7&sd=2016-12-20T04%3a32%3a59.059177Z&ed=2199-12-31T00%3a00%3a00','Success','Policy Accepted','',NULL),(91,30,1,'2016-12-20','South Africa','2016-12-28','2017-01-01','3',45,39,'','Comprehensive',73,0,88.00,'','Error','Unsuccessful Payment Transaction: Invalid card number (no such number)','',NULL),(92,30,1,'2016-12-20','China','2016-12-28','2017-12-13','3',45,39,'','Comprehensive',74,0,1.00,'','Error','Unsuccessful Payment Transaction: Invalid card number (no such number)','',NULL),(93,37,1,'2016-12-20','Germany','2016-12-29','2016-12-29','2',32,0,'11','Comprehensive',75,0,27.50,'','Error','Unsuccessful Payment Transaction: Invalid card number (no such number)','',NULL),(94,29,1,'2016-12-21','Canada','2016-12-21','2016-12-28','2',66,0,'','Comprehensive',76,0,87.00,'','Error','Unsuccessful Payment Transaction: Invalid card number (no such number)','',NULL),(95,33,1,'2016-12-21','Andorra','2017-01-01','2017-01-20','2',30,0,'','Comprehensive',77,0,171.00,'https://crs.atuat.acegroup.com/DocumentHandling/DocumentHandler.ashx?dt=proposal&pi=208942bd-1b38-4e15-867e-a6e30026a601&sd=2016-12-21T02%3a20%3a44.0238342Z&ed=2199-12-31T00%3a00%3a00','Success','Policy Accepted','',NULL),(96,30,1,'2016-12-21','United States of America','2016-12-21','2017-01-27','2',45,0,'','Comprehensive',78,0,319.00,'https://crs.atuat.acegroup.com/DocumentHandling/DocumentHandler.ashx?dt=proposal&pi=5de6db01-496e-41b4-b59b-a6e30026c617&sd=2016-12-21T02%3a21%3a10.4501819Z&ed=2199-12-31T00%3a00%3a00','Success','Policy Accepted','',NULL),(97,30,1,'2016-12-21','Argentina','2017-01-01','2017-12-30','2',45,0,'','Comprehensive',79,0,1225.50,'https://crs.atuat.acegroup.com/DocumentHandling/DocumentHandler.ashx?dt=proposal&pi=d17e4276-9007-4d95-a530-a6e3002ef318&sd=2016-12-21T02%3a50%3a56.5891253Z&ed=2199-12-31T00%3a00%3a00','Success','Policy Accepted','',NULL),(98,33,1,'2016-12-21','United States of America','2017-01-01','2017-07-31','2',20,0,'','Prestige',80,0,904.50,'https://crs.atuat.acegroup.com/DocumentHandling/DocumentHandler.ashx?dt=proposal&pi=c117f2f8-d342-469c-ad03-a6e30031a273&sd=2016-12-21T03%3a00%3a43.3819256Z&ed=2199-12-31T00%3a00%3a00','Success','Policy Accepted','',NULL),(99,33,1,'2016-12-21','The Gambia','2017-02-01','2017-12-20','2',69,0,'','Comprehensive',81,0,2003.50,'https://crs.atuat.acegroup.com/DocumentHandling/DocumentHandler.ashx?dt=proposal&pi=1c9f9a07-dbc1-4466-b499-a6e30032903c&sd=2016-12-21T03%3a04%3a06.4335312Z&ed=2199-12-31T00%3a00%3a00','Success','Policy Accepted','',NULL),(100,30,1,'2016-12-21','Hong Kong','2017-01-01','2017-12-29','2',30,0,'','Prestige',82,0,1199.50,'','Error','Unsuccessful Payment Transaction: Invalid card number (no such number)','',NULL),(101,30,1,'2016-12-21','Hong Kong','2017-01-01','2017-12-29','2',30,0,'','Prestige',83,0,1199.50,'','Error','Unsuccessful Payment Transaction: Invalid card number (no such number)','',NULL),(102,30,1,'2016-12-21','Hong Kong','2017-01-01','2017-12-29','2',30,0,'','Prestige',84,0,1199.50,'https://crs.atuat.acegroup.com/DocumentHandling/DocumentHandler.ashx?dt=proposal&pi=4bd87363-fb3f-4f3c-902a-a6e300416f8d&sd=2016-12-21T03%3a58%3a15.0307006Z&ed=2199-12-31T00%3a00%3a00','Success','Policy Accepted','',NULL),(103,30,1,'2016-12-21','Australia','2017-01-19','2017-01-31','2',35,0,'','Comprehensive',85,0,53.50,'https://crs.atuat.acegroup.com/DocumentHandling/DocumentHandler.ashx?dt=proposal&pi=a229a809-8cd8-4d67-b60b-a6e30046afa7&sd=2016-12-21T04%3a17%3a21.8572064Z&ed=2199-12-31T00%3a00%3a00','Success','Policy Accepted','',NULL),(104,2,1,'2016-12-22','Albania','2016-12-22','2016-12-29','2',45,0,'12','Comprehensive',86,0,61.00,'','Rejected','Insured [2]: The minimum  age for the insured is 18 years. Void Transaction ACE_AA_20161222_05:45:50: Approved or completed successfully','',NULL),(105,29,1,'2016-12-23','Canada','2016-12-23','2016-12-30','2',66,0,'','Comprehensive',87,0,97.50,'','Rejected','Request rejected. Payment authorization premium is different from policy premium. Void Transaction ACE_LF_20161223_07:32:46: Approved or completed successfully','',NULL),(106,29,1,'2016-12-23','Canada','2016-12-23','2016-12-30','2',66,0,'1','Comprehensive',88,0,97.50,'https://crs.atuat.acegroup.com/DocumentHandling/DocumentHandler.ashx?dt=proposal&pi=5e5fb792-2ecd-498e-a542-a6e401891c90&sd=2016-12-22T23%3a51%3a17.1027629Z&ed=2199-12-31T00%3a00%3a00','Success','Policy Accepted','',NULL),(107,33,1,'2016-12-28','Singapore','2016-12-30','2017-01-27','2',30,0,'','Comprehensive',89,0,226.50,'https://crs.atuat.acegroup.com/DocumentHandling/DocumentHandler.ashx?dt=proposal&pi=2fd33684-e8e9-403d-9e9c-a6ea003523f6&sd=2016-12-28T03%3a13%3a29.4621639Z&ed=2199-12-31T00%3a00%3a00','Success','Policy Accepted','',NULL),(108,33,1,'2016-12-28','Australia','2017-02-01','2017-02-10','2',30,0,'','Essential',90,0,48.00,'','','','',NULL),(109,33,1,'2016-12-28','Albania','2017-02-05','2017-02-10','2',30,0,'','Prestige',91,0,77.00,'https://crs.atuat.acegroup.com/DocumentHandling/DocumentHandler.ashx?dt=proposal&pi=a3160f5c-3ea3-43a2-ab5a-a6ea003683bf&sd=2016-12-28T03%3a18%3a29.1999577Z&ed=2199-12-31T00%3a00%3a00','Success','Policy Accepted','',NULL),(110,29,1,'2016-12-28','Canada','2016-12-28','2017-01-04','2',66,0,'','Comprehensive',92,0,87.00,'https://crs.atuat.acegroup.com/DocumentHandling/DocumentHandler.ashx?dt=proposal&pi=ed5e35f4-79df-49b7-bf65-a6ea004521e9&sd=2016-12-28T04%3a11%3a42.4196848Z&ed=2199-12-31T00%3a00%3a00','Success','Policy Accepted','',NULL),(111,0,1,'2016-12-30','Albania','2016-12-30','2017-01-06','1',44,0,'','Comprehensive',93,0,61.50,'https://crs.atuat.acegroup.com/DocumentHandling/DocumentHandler.ashx?dt=proposal&pi=c5b4a029-b14a-44d4-8ae4-a6eb01857247&sd=2016-12-29T23%3a37%3a56.0442115Z&ed=2199-12-31T00%3a00%3a00','Success','Policy Accepted','',NULL),(112,38,1,'2016-12-30','Albania','2016-12-30','2017-01-06','1',44,0,'','Comprehensive',94,0,61.50,'https://crs.atuat.acegroup.com/DocumentHandling/DocumentHandler.ashx?dt=proposal&pi=5398a8fd-b607-41a1-ad27-a6eb0185ebe7&sd=2016-12-29T23%3a39%3a39.7840293Z&ed=2199-12-31T00%3a00%3a00','Success','Policy Accepted','',NULL),(113,29,1,'2016-12-30','Canada','2016-12-30','2017-01-06','1',66,0,'0','Comprehensive',95,0,87.00,'https://crs.atuat.acegroup.com/DocumentHandling/DocumentHandler.ashx?dt=proposal&pi=76e611b4-6a4f-4f56-afd0-a6ec00ae8cc9&sd=2016-12-30T10%3a35%3a31.3434842Z&ed=2199-12-31T00%3a00%3a00','Success','Policy Accepted','',NULL),(114,29,1,'2016-12-30','Canada','2016-12-30','2017-01-06','7',66,66,'1,2,3,4,5','Comprehensive',96,0,192.00,'https://crs.atuat.acegroup.com/DocumentHandling/DocumentHandler.ashx?dt=proposal&pi=88dd65cc-8d18-405d-a40b-a6ec00b06fde&sd=2016-12-30T10%3a42%3a23.6973812Z&ed=2199-12-31T00%3a00%3a00','Success','Policy Accepted','',NULL),(115,0,1,'2016-12-30','Canada','2016-12-30','2017-01-06','1',66,0,'','Comprehensive',97,0,87.00,'https://crs.atuat.acegroup.com/DocumentHandling/DocumentHandler.ashx?dt=proposal&pi=e6407add-3980-4b89-bfcb-a6ec00bb6ab2&sd=2016-12-30T11%3a22%3a21.9115583Z&ed=2199-12-31T00%3a00%3a00','Success','Policy Accepted','',NULL),(116,29,1,'2016-12-30','Canada','2016-12-30','2017-01-06','1',66,0,'','Comprehensive',98,0,87.00,'https://crs.atuat.acegroup.com/DocumentHandling/DocumentHandler.ashx?dt=proposal&pi=51410dc8-b32c-48b3-88e8-a6ec00c6b48e&sd=2016-12-30T12%3a03%3a27.955256Z&ed=2199-12-31T00%3a00%3a00','Success','Policy Accepted','',NULL),(117,29,1,'2016-12-30','Canada','2016-12-30','2017-01-06','1',66,0,'','Comprehensive',99,0,87.00,'https://crs.atuat.acegroup.com/DocumentHandling/DocumentHandler.ashx?dt=proposal&pi=d1067b84-1966-4519-96a4-a6ec00c82fae&sd=2016-12-30T12%3a08%3a51.4902418Z&ed=2199-12-31T00%3a00%3a00','Success','Policy Accepted','',NULL),(118,2,1,'2016-12-30','Afghanistan','2016-12-31','2017-01-06','4',44,0,'0,0,0','Comprehensive',100,0,66.50,'https://crs.atuat.acegroup.com/DocumentHandling/DocumentHandler.ashx?dt=proposal&pi=893a9fad-394d-4d9b-8c48-a6ec00fdf5ac&sd=2016-12-30T15%3a24%3a38.5629905Z&ed=2199-12-31T00%3a00%3a00','Success','Policy Accepted','',NULL),(119,41,1,'2016-12-31','Canada','2016-12-31','2017-01-07','1',66,0,'','Comprehensive',101,0,87.00,'https://crs.atuat.acegroup.com/DocumentHandling/DocumentHandler.ashx?dt=proposal&pi=14f4d1b3-3483-49bb-a5f0-a6ed00787c25&sd=2016-12-31T07%3a18%3a41.3957191Z&ed=2199-12-31T00%3a00%3a00','Success','Policy Accepted','',NULL),(120,30,1,'2017-01-03','India','2017-01-03','2017-01-10','3',45,32,'17','Comprehensive',102,0,126.00,'','Error','Unsuccessful Payment Transaction: Invalid card number (no such number)','mytrip_cru.svc',NULL),(121,30,1,'2017-01-03','India','2017-01-03','2017-01-10','3',45,32,'17','Comprehensive',103,0,126.00,'','Rejected','Request rejected. Payment authorization premium is different from policy premium. Void Transaction ACE_RG_20170103_07:26:32: Approved or completed successfully','mytrip_cru.svc',NULL),(122,30,1,'2017-01-03','India','2017-01-03','2017-01-10','3',45,32,'17','Comprehensive',104,0,126.00,'','Rejected','User is not authorized. Void Transaction ACE_RG_20170103_07:28:29: Approved or completed successfully','',NULL),(123,30,1,'2017-01-03','United States of America','2017-01-03','2017-01-10','3',45,32,'17','Prestige',105,0,201.50,'','Rejected','User is not authorized. Void Transaction ACE_RG_20170103_07:36:12: Approved or completed successfully','',NULL),(124,29,1,'2017-01-03','Canada','2017-01-03','2017-01-10','1',66,0,'','Comprehensive',106,0,87.00,'https://crs.atuat.acegroup.com/DocumentHandling/DocumentHandler.ashx?dt=proposal&pi=a032ae64-9472-4433-a6ad-a6ef018a5515&sd=2017-01-02T23%3a55%3a43.6939699Z&ed=2199-12-31T00%3a00%3a00','Success','Policy Accepted','mytrip_cru.svc',NULL),(125,30,1,'2017-01-03','United States of America','2017-01-03','2017-01-10','3',45,32,'17','Prestige',107,0,174.00,'https://crs.atuat.acegroup.com/DocumentHandling/DocumentHandler.ashx?dt=proposal&pi=0ae64036-6dc7-48fc-8dd3-a6ef018addc5&sd=2017-01-02T23%3a57%3a40.3811432Z&ed=2199-12-31T00%3a00%3a00','Success','Policy Accepted','',NULL),(126,30,1,'2017-01-03','Australia|Bali','2017-01-03','2017-01-10','2',35,0,'17','Comprehensive',108,0,133.50,'','Error','Unsuccessful Payment Transaction: Invalid card number (no such number)','',NULL),(127,30,1,'2017-01-03','Australia|Bali','2017-01-03','2017-01-10','2',35,0,'17','Comprehensive',109,0,133.50,'','Error','Unsuccessful Payment Transaction: Invalid card number (no such number)','',NULL),(128,30,1,'2017-01-03','Australia|Bali','2017-01-03','2017-01-10','2',35,0,'17','Comprehensive',110,0,133.50,'','Error','Unsuccessful Payment Transaction: Card Type Not Accepted','',NULL),(129,30,1,'2017-01-03','Australia|Bali','2017-01-03','2017-01-10','2',35,0,'17','Comprehensive',111,0,133.50,'','Error','Unsuccessful Payment Transaction: Invalid card number (no such number)','',NULL),(130,30,1,'2017-01-03','Australia|Bali','2017-01-03','2017-01-10','1',35,0,'','Prestige',112,0,76.50,'https://crs.atuat.acegroup.com/DocumentHandling/DocumentHandler.ashx?dt=proposal&pi=11c0ee87-a2c2-4a60-98e2-a6f0000952c7&sd=2017-01-03T00%3a33%3a57.138192Z&ed=2199-12-31T00%3a00%3a00','Success','Policy Accepted','',NULL),(131,30,1,'2017-01-03','United States of America','2017-01-03','2017-01-18','2',34,22,'','Prestige',113,0,310.00,'','Error','Unsuccessful Payment Transaction: Invalid card number (no such number)','',NULL),(132,30,1,'2017-01-03','United States of America','2017-01-03','2017-01-18','2',34,22,'','Prestige',114,0,310.00,'','Error','Unsuccessful Payment Transaction: Invalid card number (no such number)','',NULL),(133,30,1,'2017-01-03','United States of America','2017-01-03','2017-01-18','2',34,22,'','Prestige',115,0,310.00,'','Error','Unsuccessful Payment Transaction: Invalid card number (no such number)','',NULL),(134,30,1,'2017-01-03','United States of America','2017-01-03','2017-01-18','2',34,22,'','Prestige',116,0,310.00,'https://crs.atuat.acegroup.com/DocumentHandling/DocumentHandler.ashx?dt=proposal&pi=f1fd298c-60b8-4953-ac1b-a6f00014176b&sd=2017-01-03T01%3a13%3a09.5040789Z&ed=2199-12-31T00%3a00%3a00','Success','Policy Accepted','',NULL),(135,30,1,'2017-01-03','United Kingdom','2017-02-01','2017-04-30','1',28,0,'','Prestige',117,0,536.50,'','Error','Unsuccessful Payment Transaction: Invalid card number (no such number)','',NULL),(136,30,1,'2017-01-03','United Kingdom','2017-02-01','2017-04-30','1',28,0,'','Prestige',118,0,536.50,'https://crs.atuat.acegroup.com/DocumentHandling/DocumentHandler.ashx?dt=proposal&pi=e714fabd-feec-456c-9271-a6f0001ae8a7&sd=2017-01-03T01%3a37%3a58.7393486Z&ed=2199-12-31T00%3a00%3a00','Success','Policy Accepted','',NULL),(137,30,1,'2017-01-03','United States of America|South Africa','2017-02-01','2017-06-30','2',41,25,'','Comprehensive',119,0,1381.50,'https://crs.atuat.acegroup.com/DocumentHandling/DocumentHandler.ashx?dt=proposal&pi=7ca1b9a1-8d1e-4715-864a-a6f0001bad51&sd=2017-01-03T01%3a40%3a46.4040293Z&ed=2199-12-31T00%3a00%3a00','Success','Policy Accepted','',NULL),(138,30,1,'2017-01-03','United Kingdom','2017-01-03','2017-01-10','1',31,0,'','Comprehensive',120,0,59.00,'https://crs.atuat.acegroup.com/DocumentHandling/DocumentHandler.ashx?dt=proposal&pi=33f42758-53f3-42d1-aa1d-a6f0001d3416&sd=2017-01-03T01%3a46%3a20.1104848Z&ed=2199-12-31T00%3a00%3a00','Success','Policy Accepted','',NULL),(139,30,1,'2017-01-03','India|Argentina|Somalia|United States of America','2017-01-19','2017-01-26','1',29,0,'','Comprehensive',121,0,87.50,'https://crs.atuat.acegroup.com/DocumentHandling/DocumentHandler.ashx?dt=proposal&pi=9b73e144-2eee-4339-a8c5-a6f0002520fa&sd=2017-01-03T02%3a15%3a11.1466544Z&ed=2199-12-31T00%3a00%3a00','Success','Policy Accepted','',NULL),(140,30,1,'2017-01-03','Australia','2017-01-03','2017-01-10','1',35,0,'','Prestige',122,0,159.50,'https://crs.atuat.acegroup.com/DocumentHandling/DocumentHandler.ashx?dt=proposal&pi=47680745-8d23-4022-8a8b-a6f0004f9637&sd=2017-01-03T04%3a49%3a46.3880618Z&ed=2199-12-31T00%3a00%3a00','Success','Policy Accepted','',NULL),(141,30,1,'2017-01-03','Trinidad and Tobago','2017-01-03','2017-01-10','2',32,0,'17','Comprehensive',123,0,90.50,'https://crs.atuat.acegroup.com/DocumentHandling/DocumentHandler.ashx?dt=proposal&pi=1d6bdcdc-028e-47fa-ae49-a6f0005c493d&sd=2017-01-03T05%3a36%3a00.4990681Z&ed=2199-12-31T00%3a00%3a00','Success','Policy Accepted','',NULL),(142,2,1,'2017-01-04','Albania','2017-01-04','2017-01-11','1',33,0,'0','Comprehensive',124,0,70.50,'https://crs.atuat.acegroup.com/DocumentHandling/DocumentHandler.ashx?dt=proposal&pi=43778d86-e507-4d0c-8321-a6f1000a5653&sd=2017-01-04T00%3a37%3a38.4334858Z&ed=2199-12-31T00%3a00%3a00','Success','Policy Accepted','Mytripinsurance',NULL),(143,2,1,'2017-01-04','Albania','2017-01-04','2017-01-11','3',33,0,'0,0','Comprehensive',125,0,98.50,'https://crs.atuat.acegroup.com/DocumentHandling/DocumentHandler.ashx?dt=proposal&pi=eb01f142-1bea-4615-90e2-a6f1000b0818&sd=2017-01-04T00%3a40%3a10.205661Z&ed=2199-12-31T00%3a00%3a00','Success','Policy Accepted','Mytripinsurance',NULL),(144,2,1,'2017-01-04','Albania','2017-01-04','2017-01-11','1',42,0,'','Comprehensive',126,0,62.00,'https://crs.atuat.acegroup.com/DocumentHandling/DocumentHandler.ashx?dt=proposal&pi=146788bc-cee1-4946-876d-a6f1000bd37d&sd=2017-01-04T00%3a43%3a03.7708015Z&ed=2199-12-31T00%3a00%3a00','Success','Policy Accepted','Mytripinsurance',NULL),(145,30,1,'2017-01-04','Indonesia','2017-01-04','2017-01-11','1',45,0,'','Comprehensive',127,0,58.00,'','Error','Unsuccessful Payment Transaction: Invalid card number (no such number)','mytrip_cru.svc',NULL),(146,30,1,'2017-01-04','Indonesia','2017-01-04','2017-01-11','1',45,0,'','Comprehensive',128,0,58.00,'https://crs.atuat.acegroup.com/DocumentHandling/DocumentHandler.ashx?dt=proposal&pi=75c0ba0c-b29b-4689-8920-a6f1002fed3f&sd=2017-01-04T02%3a54%3a30.0777388Z&ed=2199-12-31T00%3a00%3a00','Success','Policy Accepted','mytrip_cru.svc',NULL),(147,30,1,'2017-01-04','Australia','2017-01-04','2017-01-11','1',39,0,'','Prestige',129,0,149.50,'https://crs.atuat.acegroup.com/DocumentHandling/DocumentHandler.ashx?dt=proposal&pi=543d61ce-db2f-436b-8059-a6f10030c154&sd=2017-01-04T02%3a57%3a31.1709058Z&ed=2199-12-31T00%3a00%3a00','Success','Policy Accepted','mytrip_cru.svc',NULL),(148,30,1,'2017-01-04','United Kingdom','2017-02-01','2017-02-08','1',35,0,'','Comprehensive',130,0,59.50,'https://crs.atuat.acegroup.com/DocumentHandling/DocumentHandler.ashx?dt=proposal&pi=c917d3f3-5e53-4f5a-9bf7-a6f1003300d7&sd=2017-01-04T03%3a05%3a42.0082797Z&ed=2199-12-31T00%3a00%3a00','Success','Policy Accepted','mytrip_cru.svc',NULL),(149,30,1,'2017-01-05','United States of America','2017-01-05','2017-01-12','2',45,21,'','Comprehensive',131,0,127.00,'https://crs.atuat.acegroup.com/DocumentHandling/DocumentHandler.ashx?dt=proposal&pi=8a7dd150-7d0e-4443-a13e-a6f1018af76b&sd=2017-01-04T23%3a58%3a02.2354211Z&ed=2199-12-31T00%3a00%3a00','Success','Policy Accepted','mytrip_cru.svc',NULL),(150,33,1,'2017-01-05','Canada','2017-02-01','2017-10-01','1',55,0,'','Essential',132,0,1447.50,'','','','Mytripinsurance',NULL),(151,33,1,'2017-01-05','Canada','2017-02-01','2017-10-01','1',55,0,'','Comprehensive',133,0,1087.00,'https://crs.atuat.acegroup.com/DocumentHandling/DocumentHandler.ashx?dt=proposal&pi=35f459c9-3705-4a3c-911b-a6f20004bd8f&sd=2017-01-05T00%3a17%3a15.9162278Z&ed=2199-12-31T00%3a00%3a00','Success','Policy Accepted','mytrip_cru.svc',NULL),(152,33,1,'2017-01-05','Mexico','2017-02-01','2017-02-16','1',30,0,'','Prestige',134,0,251.00,'https://crs.atuat.acegroup.com/DocumentHandling/DocumentHandler.ashx?dt=proposal&pi=497fd016-d304-4b59-af49-a6f200055d3f&sd=2017-01-05T00%3a19%3a32.1351194Z&ed=2199-12-31T00%3a00%3a00','Success','Policy Accepted','mytrip_cru.svc',NULL),(153,30,1,'2017-01-05','Bangladesh','2017-01-05','2017-01-12','1',28,0,'','Comprehensive',135,0,71.00,'https://crs.atuat.acegroup.com/DocumentHandling/DocumentHandler.ashx?dt=proposal&pi=35f8b9e0-0687-411c-80cb-a6f200057af9&sd=2017-01-05T00%3a19%3a57.7190407Z&ed=2199-12-31T00%3a00%3a00','Success','Policy Accepted','mytrip_cru.svc',NULL),(154,33,1,'2017-01-05','Mexico','2017-01-12','2017-01-25','1',20,0,'','Prestige',136,0,161.50,'https://crs.atuat.acegroup.com/DocumentHandling/DocumentHandler.ashx?dt=proposal&pi=b9ef54a9-daef-4a1d-a4e8-a6f20005d337&sd=2017-01-05T00%3a21%3a13.0981094Z&ed=2199-12-31T00%3a00%3a00','Success','Policy Accepted','mytrip_cru.svc',NULL),(155,30,1,'2017-01-05','Philippines','2017-02-01','2018-01-30','2',28,45,'','Prestige',137,0,3234.00,'https://crs.atuat.acegroup.com/DocumentHandling/DocumentHandler.ashx?dt=proposal&pi=04e565f2-229c-4907-af3d-a6f20006eaeb&sd=2017-01-05T00%3a25%3a11.5280303Z&ed=2199-12-31T00%3a00%3a00','Success','Policy Accepted','Mytripinsurance',NULL),(156,33,1,'2017-01-05','France','2017-01-12','2017-01-25','2',40,50,'','Comprehensive',138,0,172.50,'https://crs.atuat.acegroup.com/DocumentHandling/DocumentHandler.ashx?dt=proposal&pi=bc987193-3545-4b2f-9cd4-a6f2000da244&sd=2017-01-05T00%3a49%3a38.6425684Z&ed=2199-12-31T00%3a00%3a00','Success','Policy Accepted','mytrip_cru.svc',NULL),(157,30,1,'2017-01-05','Argentina','2017-01-05','2017-01-12','1',23,0,'','Comprehensive',139,0,74.00,'https://crs.atuat.acegroup.com/DocumentHandling/DocumentHandler.ashx?dt=proposal&pi=748b972f-b8f0-49e0-93d7-a6f20012b71a&sd=2017-01-05T01%3a08%3a08.6270191Z&ed=2199-12-31T00%3a00%3a00','Success','Policy Accepted','Mytripinsurance',NULL),(158,42,1,'2017-01-05','France','2017-01-15','2017-01-22','1',37,0,'','Comprehensive',140,0,80.00,'https://crs.atuat.acegroup.com/DocumentHandling/DocumentHandler.ashx?dt=proposal&pi=f60f547c-29fd-46fb-89d5-a6f20028390a&sd=2017-01-05T02%3a26%3a27.2124708Z&ed=2199-12-31T00%3a00%3a00','Success','Policy Accepted','Mytripinsurance',NULL),(159,42,1,'2017-01-05','USA','2017-01-06','2017-01-12','1',26,0,'','Comprehensive',141,0,68.50,'https://crs.atuat.acegroup.com/DocumentHandling/DocumentHandler.ashx?dt=proposal&pi=17f7f964-7bc0-4c44-a263-a6f2014f45e6&sd=2017-01-05T20%3a20%3a42.3824267Z&ed=2199-12-31T00%3a00%3a00','Success','Policy Accepted','Mytripinsurance',NULL),(160,42,1,'2017-01-05','France','2017-01-06','2017-01-12','1',23,0,'','Essential',142,0,62.00,'','','','Mytripinsurance',NULL),(161,42,1,'2017-01-06','USA','2017-01-17','2017-01-24','1',56,0,'','Comprehensive',143,0,79.50,'https://crs.atuat.acegroup.com/DocumentHandling/DocumentHandler.ashx?dt=proposal&pi=8a6fa78e-be2a-46d4-a259-a6f300025388&sd=2017-01-06T00%3a08%3a28.5614998Z&ed=2199-12-31T00%3a00%3a00','Success','Policy Accepted','Mytripinsurance',NULL),(162,1,1,'2017-01-06','USA','2017-01-06','2017-01-13','1',55,0,'','Comprehensive',144,0,77.50,'https://crs.atuat.acegroup.com/DocumentHandling/DocumentHandler.ashx?dt=proposal&pi=b70b5bb9-744f-49c9-bb5a-a6f30008aa06&sd=2017-01-06T00%3a31%3a33.1518902Z&ed=2199-12-31T00%3a00%3a00','Success','Policy Accepted','Mytripinsurance',NULL),(163,30,1,'2017-01-06','Albania','2017-01-06','2017-01-13','1',38,0,'','Comprehensive',145,0,65.00,'https://crs.atuat.acegroup.com/DocumentHandling/DocumentHandler.ashx?dt=proposal&pi=ae913d5e-52bd-419b-a3e3-a6f30031dd27&sd=2017-01-06T03%3a01%3a33.196207Z&ed=2199-12-31T00%3a00%3a00','Success','Policy Accepted','mytrip_cru.svc',NULL),(164,30,1,'2017-01-06','Hungary','2017-01-06','2017-01-26','1',52,0,'','Comprehensive',146,0,151.50,'','Error','Unsuccessful Payment Transaction: Invalid card number (no such number)','mytrip_cru.svc',NULL),(165,30,1,'2017-01-06','Hungary','2017-01-06','2017-01-26','1',52,0,'','Comprehensive',147,0,151.50,'https://crs.atuat.acegroup.com/DocumentHandling/DocumentHandler.ashx?dt=proposal&pi=daea4ec4-47ab-49d4-b17c-a6f300347e07&sd=2017-01-06T03%3a11%3a07.5694465Z&ed=2199-12-31T00%3a00%3a00','Success','Policy Accepted','mytrip_cru.svc',NULL),(166,30,1,'2017-01-06','Switzerland','2017-01-06','2017-01-19','1',35,0,'','Comprehensive',148,0,108.50,'https://crs.atuat.acegroup.com/DocumentHandling/DocumentHandler.ashx?dt=proposal&pi=63f2e6ad-57f7-427b-a51c-a6f30038c711&sd=2017-01-06T03%3a26%3a43.6611158Z&ed=2199-12-31T00%3a00%3a00','Success','Policy Accepted','mytrip_cru.svc',NULL),(167,33,1,'2017-01-06','Afghanistan','2017-01-19','2017-01-31','1',20,0,'','Comprehensive',149,0,127.50,'https://crs.atuat.acegroup.com/DocumentHandling/DocumentHandler.ashx?dt=proposal&pi=b97946bb-8645-4eb5-881c-a6f3003c716c&sd=2017-01-06T03%3a40%3a04.3918482Z&ed=2199-12-31T00%3a00%3a00','Success','Policy Accepted','mytrip_cru.svc',NULL),(168,30,1,'2017-01-06','Papua New Guinea','2017-01-06','2017-01-13','1',88,0,'','Comprehensive',150,0,351.00,'https://crs.atuat.acegroup.com/DocumentHandling/DocumentHandler.ashx?dt=proposal&pi=5003d3a5-c2bd-4eb0-877c-a6f3003d1753&sd=2017-01-06T03%3a42%3a26.0551403Z&ed=2199-12-31T00%3a00%3a00','Success','Policy Accepted','mytrip_cru.svc',NULL);
/*!40000 ALTER TABLE `orders` ENABLE KEYS */;
UNLOCK TABLES;

--
-- Table structure for table `pages`
--

DROP TABLE IF EXISTS `pages`;
/*!40101 SET @saved_cs_client     = @@character_set_client */;
/*!40101 SET character_set_client = utf8 */;
CREATE TABLE `pages` (
  `id` int(11) NOT NULL AUTO_INCREMENT,
  `slug` varchar(255) NOT NULL,
  `title` varchar(255) NOT NULL,
  `content` text,
  PRIMARY KEY (`id`)
) ENGINE=InnoDB AUTO_INCREMENT=15 DEFAULT CHARSET=utf8;
/*!40101 SET character_set_client = @saved_cs_client */;

--
-- Dumping data for table `pages`
--

LOCK TABLES `pages` WRITE;
/*!40000 ALTER TABLE `pages` DISABLE KEYS */;
INSERT INTO `pages` VALUES (1,'overview','Product Overview','<p><br />\r\n&nbsp;</p>\r\n\r\n<table cellpadding=\"7\" cellspacing=\"0\" style=\"width:100%\">\r\n	<tbody>\r\n		<tr>\r\n			<td>\r\n			<p><strong>Summary of Benefits </strong></p>\r\n			</td>\r\n		</tr>\r\n		<tr>\r\n			<td>\r\n			<p>Please note that it is a limited summary only. It does not form part of Your Policy and it cannot be relied on as a full description of the cover provided.</p>\r\n\r\n			<p>Although We have tried to draw important features of the <a href=\"/source/My%20Trip%20Insurance%20Australia%20-%20Single%20Trip%20PDS.pdf\" target=\"_blank\">PDS</a> to Your attention, each benefit section is subject to terms, conditions, exclusions and limitations not listed in the summary.</p>\r\n\r\n			<p>Please note that other documents that make up the Policy such as the Certificate of Insurance may also amend the standard terms, conditions and exclusions contained in this <a href=\"/source/My%20Trip%20Insurance%20Australia%20-%20Single%20Trip%20PDS.pdf\" target=\"_blank\">PDS</a>.</p>\r\n\r\n			<p><strong>What We Pay</strong></p>\r\n\r\n			<p>Maximum sum insured amounts apply, as set out in the Summary of Benefits table. The benefit sum insured applies on a per Adult basis unless otherwise stated. Children share the sum insured with Adults. Where specified, sub-limits also apply.</p>\r\n\r\n			<p>The term &lsquo;Unlimited&rsquo; only means there is no specified dollar sum insured and does not relate to the terms, conditions and exclusions. Policy terms do apply limits on what We will pay for such benefits.</p>\r\n			</td>\r\n		</tr>\r\n	</tbody>\r\n</table>\r\n\r\n<p><strong>Summary of Benefits tables</strong></p>\r\n\r\n<ul>\r\n	<li>\r\n	<p><a href=\"#overseas\">Core Plan &ndash; Single Trips Overseas</a></p>\r\n	</li>\r\n	<li>\r\n	<p><a href=\"#domestic\">Core Plans &ndash; Single Trips in Australia (Domestic)</a></p>\r\n	</li>\r\n	<li>\r\n	<p><a href=\"#benefits\">Optional Add-on Benefit Packs</a><!-- Link to relevant table  --></p>\r\n	</li>\r\n</ul>\r\n\r\n<p><br />\r\n&nbsp;</p>\r\n\r\n<p><strong><a id=\"overseas\" name=\"overseas\"></a>Core Plans &ndash;Single Trips Overseas</strong></p>\r\n\r\n<table cellpadding=\"7\" cellspacing=\"0\" style=\"width:100%\">\r\n	<tbody>\r\n		<tr>\r\n			<td colspan=\"3\">\r\n			<p><strong>Section</strong></p>\r\n			</td>\r\n			<td>\r\n			<p><strong>Cover Description</strong></p>\r\n			</td>\r\n			<td colspan=\"3\">\r\n			<p><strong>Plan</strong></p>\r\n\r\n			<p><strong>Maximum Sum Insured</strong></p>\r\n			</td>\r\n			<td>\r\n			<p><strong>Excess/Waiting Period</strong></p>\r\n			</td>\r\n		</tr>\r\n		<tr>\r\n			<td colspan=\"4\">\r\n			<p><strong>Medical Expenses Overseas</strong></p>\r\n			</td>\r\n			<td>\r\n			<p><strong>Prestige</strong></p>\r\n			</td>\r\n			<td>\r\n			<p><strong>Comprehensive</strong></p>\r\n			</td>\r\n			<td>\r\n			<p><strong>Essential</strong></p>\r\n			</td>\r\n			<td>\r\n			<p>&nbsp;</p>\r\n			</td>\r\n		</tr>\r\n		<tr>\r\n			<td>\r\n			<p>&nbsp;</p>\r\n			</td>\r\n			<td>\r\n			<p>Medical Expenses Overseas</p>\r\n			</td>\r\n			<td colspan=\"2\">\r\n			<p>Cover for Medical Expenses incurred Overseas as a direct result of Accidental Injury or Sickness and Dental Expenses incurred Overseas as a direct result of Accidental Injury.</p>\r\n			</td>\r\n			<td>\r\n			<p>Unlimited</p>\r\n			</td>\r\n			<td>\r\n			<p>Unlimited</p>\r\n			</td>\r\n			<td>\r\n			<p>Unlimited</p>\r\n			</td>\r\n			<td>\r\n			<p>Yes</p>\r\n			</td>\r\n		</tr>\r\n		<tr>\r\n			<td>\r\n			<p>&nbsp;</p>\r\n			</td>\r\n			<td>\r\n			<p>&nbsp;</p>\r\n			</td>\r\n			<td colspan=\"2\">\r\n			<p>There is a sub-limit for Dental Expenses</p>\r\n			</td>\r\n			<td>\r\n			<p>$2,500</p>\r\n			</td>\r\n			<td>\r\n			<p>$1,000</p>\r\n			</td>\r\n			<td>\r\n			<p>$500</p>\r\n			</td>\r\n			<td>\r\n			<p>Yes</p>\r\n			</td>\r\n		</tr>\r\n		<tr>\r\n			<td>\r\n			<p>&nbsp;</p>\r\n			</td>\r\n			<td>\r\n			<p>Trauma Counselling Overseas</p>\r\n			</td>\r\n			<td colspan=\"2\">\r\n			<p>Cover for the cost of trauma counselling Overseas if you suffer psychological trauma because you have been a victim of or witnessed a criminal act such as kidnap, sexual assault, rape, murder, violent robbery or an Act of Terrorism.</p>\r\n			</td>\r\n			<td>\r\n			<p>$2,000</p>\r\n			</td>\r\n			<td>\r\n			<p>$1,000</p>\r\n			</td>\r\n			<td>\r\n			<p>Not applicable</p>\r\n			</td>\r\n			<td>\r\n			<p>No</p>\r\n			</td>\r\n		</tr>\r\n		<tr>\r\n			<td>\r\n			<p>&nbsp;</p>\r\n			</td>\r\n			<td>\r\n			<p>Overseas Resident In-patient Additional Expenses</p>\r\n			</td>\r\n			<td colspan=\"2\">\r\n			<p>Cover for a daily contribution to additional expenses when a Doctor deems it necessary for You to be Confined in a Hospital for more than a day due to an Accidental Injury or Sickness.</p>\r\n			</td>\r\n			<td>\r\n			<p>$200 per day</p>\r\n\r\n			<p>$10,000 in the aggregate</p>\r\n			</td>\r\n			<td>\r\n			<p>$200 per day</p>\r\n\r\n			<p>$5,000 in the aggregate</p>\r\n			</td>\r\n			<td>\r\n			<p>$100 per day</p>\r\n\r\n			<p>$2,000 in the aggregate</p>\r\n			</td>\r\n			<td>\r\n			<p>No</p>\r\n			</td>\r\n		</tr>\r\n		<tr>\r\n			<td>\r\n			<p>&nbsp;</p>\r\n			</td>\r\n			<td>\r\n			<p>Additional Public Transportation and Accommodation Expenses</p>\r\n			</td>\r\n			<td colspan=\"2\">\r\n			<p>4(a) Your or Your Travel Companion&rsquo;s Cancellation Expenses or Additional Trip Expenses:</p>\r\n\r\n			<p>Cover for Your Cancellation Expenses and Additional Trip Expenses due to an Accidental Injury or Sickness that prevents You from continuing Your Trip.</p>\r\n\r\n			<p>4(b) Relative or friends Public Transportation and accommodation expenses:</p>\r\n\r\n			<p>Cover for Your Relative or friend to travel to You and accompany Your Children Home or to remain with You.</p>\r\n			</td>\r\n			<td>\r\n			<p>Unlimited</p>\r\n			</td>\r\n			<td>\r\n			<p>Unlimited</p>\r\n			</td>\r\n			<td>\r\n			<p>Unlimited</p>\r\n			</td>\r\n			<td>\r\n			<p>Yes</p>\r\n			</td>\r\n		</tr>\r\n		<tr>\r\n			<td>\r\n			<p>&nbsp;</p>\r\n			</td>\r\n			<td>\r\n			<p>Overseas Phone Charges in an Emergency</p>\r\n			</td>\r\n			<td colspan=\"2\">\r\n			<p>Cover for phone charges (excluding via public telephone using an international calling card) incurred when engaging with Chubb Assistance during an emergency.</p>\r\n			</td>\r\n			<td>\r\n			<p>$500</p>\r\n			</td>\r\n			<td>\r\n			<p>$500</p>\r\n			</td>\r\n			<td>\r\n			<p>Not applicable</p>\r\n			</td>\r\n			<td>\r\n			<p>No</p>\r\n			</td>\r\n		</tr>\r\n		<tr>\r\n			<td colspan=\"4\">\r\n			<p><strong>Personal Accident</strong></p>\r\n			</td>\r\n			<td>\r\n			<p><strong>Prestige</strong></p>\r\n			</td>\r\n			<td>\r\n			<p><strong>Comprehensive</strong></p>\r\n			</td>\r\n			<td>\r\n			<p><strong>Essential</strong></p>\r\n			</td>\r\n			<td>\r\n			<p>&nbsp;</p>\r\n			</td>\r\n		</tr>\r\n		<tr>\r\n			<td>\r\n			<p>&nbsp;</p>\r\n			</td>\r\n			<td>\r\n			<p>Permanent Disablement</p>\r\n			</td>\r\n			<td colspan=\"2\">\r\n			<p>Cover in the Event that an Accidental Injury results in Your Permanent Disablement.</p>\r\n\r\n			<p>A sub-limit applies for Children.</p>\r\n			</td>\r\n			<td>\r\n			<p>$25,000</p>\r\n\r\n			<p>$10,000 sub-limit</p>\r\n			</td>\r\n			<td>\r\n			<p>$15,000</p>\r\n\r\n			<p>$10,000 sub-limit</p>\r\n			</td>\r\n			<td>\r\n			<p>Not applicable</p>\r\n			</td>\r\n			<td>\r\n			<p>No</p>\r\n			</td>\r\n		</tr>\r\n		<tr>\r\n			<td>\r\n			<p>&nbsp;</p>\r\n			</td>\r\n			<td>\r\n			<p>Loss of Income</p>\r\n			</td>\r\n			<td colspan=\"2\">\r\n			<p>Cover for Your regular weekly wage/salary when You are unable to attend Your Usual Work in Australia due to You being disabled (as certified by a Doctor) following an Accidental Injury Overseas.</p>\r\n			</td>\r\n			<td>\r\n			<p>$400 per week</p>\r\n\r\n			<p>$10,400 in the aggregate</p>\r\n\r\n			<p>(6 months)</p>\r\n			</td>\r\n			<td>\r\n			<p>$400 per week</p>\r\n\r\n			<p>$5,200 in the aggregate</p>\r\n\r\n			<p>(3 months)</p>\r\n			</td>\r\n			<td>\r\n			<p>Not applicable</p>\r\n			</td>\r\n			<td>\r\n			<p>30 days</p>\r\n			</td>\r\n		</tr>\r\n		<tr>\r\n			<td>\r\n			<p>&nbsp;</p>\r\n			</td>\r\n			<td>\r\n			<p>Unexpired Membership</p>\r\n			</td>\r\n			<td colspan=\"2\">\r\n			<p>Cover for the pro-rata amount of Your pre-paid membership, association or registration fees when You are unable to participate in any sport or gym activity (as certified by a Doctor) following an Accidental Injury Overseas and You are not able to suspend Your membership.</p>\r\n			</td>\r\n			<td>\r\n			<p>$2,000</p>\r\n			</td>\r\n			<td>\r\n			<p>$500</p>\r\n			</td>\r\n			<td>\r\n			<p>Not applicable</p>\r\n			</td>\r\n			<td>\r\n			<p>No</p>\r\n			</td>\r\n		</tr>\r\n		<tr>\r\n			<td>\r\n			<p>&nbsp;</p>\r\n			</td>\r\n			<td>\r\n			<p>Home Help</p>\r\n			</td>\r\n			<td colspan=\"2\">\r\n			<p>Cover in the Event You are unable to conduct Your normal household duties for more than 7 consecutive days (as certified by a Doctor) after You return Home due to an Accidental Injury Overseas.</p>\r\n			</td>\r\n			<td>\r\n			<p>$1,000</p>\r\n			</td>\r\n			<td>\r\n			<p>$500</p>\r\n			</td>\r\n			<td>\r\n			<p>Not applicable</p>\r\n			</td>\r\n			<td>\r\n			<p>No</p>\r\n			</td>\r\n		</tr>\r\n		<tr>\r\n			<td>\r\n			<p>&nbsp;</p>\r\n			</td>\r\n			<td>\r\n			<p>Accidental Loss of Life</p>\r\n			</td>\r\n			<td colspan=\"2\">\r\n			<p>Cover in the Event an Accidental Injury results in Your Accidental Loss of Life.</p>\r\n\r\n			<p>A sub-limit applies for Children.</p>\r\n			</td>\r\n			<td>\r\n			<p>$25,000</p>\r\n\r\n			<p>$1,000 sub-limit</p>\r\n			</td>\r\n			<td>\r\n			<p>$15,000</p>\r\n\r\n			<p>$1,000 sub-limit</p>\r\n			</td>\r\n			<td>\r\n			<p>Not applicable</p>\r\n			</td>\r\n			<td>\r\n			<p>No</p>\r\n			</td>\r\n		</tr>\r\n		<tr>\r\n			<td>\r\n			<p>&nbsp;</p>\r\n			</td>\r\n			<td>\r\n			<p>Return of Mortal Remains</p>\r\n			</td>\r\n			<td colspan=\"2\">\r\n			<p>Cover for expenses for services provided or arranged by Chubb Assistance for the transportation of Your mortal remains to Your Home or another place in Australia as nominated by the legal representative of Your estate.</p>\r\n			</td>\r\n			<td>\r\n			<p>$10,000</p>\r\n			</td>\r\n			<td>\r\n			<p>$10,000</p>\r\n			</td>\r\n			<td>\r\n			<p>$10,000</p>\r\n			</td>\r\n			<td>\r\n			<p>No</p>\r\n			</td>\r\n		</tr>\r\n		<tr>\r\n			<td>\r\n			<p>&nbsp;</p>\r\n			</td>\r\n			<td>\r\n			<p>Credit Card Cover</p>\r\n			</td>\r\n			<td colspan=\"2\">\r\n			<p>Cover for the outstanding balance on Your charge or credit card at the time of an Accidental Injury resulting in Your Accidental Loss of Life.</p>\r\n			</td>\r\n			<td>\r\n			<p>$5,000</p>\r\n			</td>\r\n			<td>\r\n			<p>$2,500</p>\r\n			</td>\r\n			<td>\r\n			<p>Not applicable</p>\r\n			</td>\r\n			<td>\r\n			<p>No</p>\r\n			</td>\r\n		</tr>\r\n		<tr>\r\n			<td colspan=\"4\">\r\n			<p><strong>Travel Cancellation and Disruption</strong></p>\r\n			</td>\r\n			<td>\r\n			<p><strong>Prestige</strong></p>\r\n			</td>\r\n			<td>\r\n			<p><strong>Comprehensive</strong></p>\r\n			</td>\r\n			<td>\r\n			<p><strong>Essential</strong></p>\r\n			</td>\r\n			<td>\r\n			<p>&nbsp;</p>\r\n			</td>\r\n		</tr>\r\n		<tr>\r\n			<td>\r\n			<p>&nbsp;</p>\r\n			</td>\r\n			<td>\r\n			<p>Trip Cancellation or Postponement</p>\r\n			</td>\r\n			<td colspan=\"2\">\r\n			<p>13(a) Trip Cancellation Expenses</p>\r\n\r\n			<p>Cover for Your Cancellation Expenses when it is necessary for You to cancel Your Trip due to specified reasons.</p>\r\n\r\n			<p>13(b) Trip Postponement Expenses</p>\r\n\r\n			<p>Cover for Your Additional Trip Expenses when it is necessary for You to postpone Your Trip due to specified reasons.</p>\r\n			</td>\r\n			<td rowspan=\"3\">\r\n			<p>Unlimited</p>\r\n\r\n			<p>&nbsp;</p>\r\n\r\n			<p>$4,000 sub-limit applies when due to Relative or Business Partner Pre-existing Medical Condition</p>\r\n			</td>\r\n			<td rowspan=\"3\">\r\n			<p>$15,000</p>\r\n\r\n			<p>per Event</p>\r\n\r\n			<p>and in the aggregate for sections 13, 14 and 15</p>\r\n\r\n			<p>&nbsp;</p>\r\n\r\n			<p>$4,000 sub-limit applies when due to Relative or Business Partner Pre-existing Medical Condition</p>\r\n			</td>\r\n			<td rowspan=\"3\">\r\n			<p>$5,000</p>\r\n\r\n			<p>per Event</p>\r\n\r\n			<p>and in the aggregate for sections 13, 14 and 15</p>\r\n\r\n			<p>&nbsp;</p>\r\n\r\n			<p>$4,000 sub-limit applies when due to Relative or Business Partner Pre-existing Medical Condition</p>\r\n			</td>\r\n			<td>\r\n			<p>Yes</p>\r\n			</td>\r\n		</tr>\r\n		<tr>\r\n			<td>\r\n			<p>&nbsp;</p>\r\n			</td>\r\n			<td>\r\n			<p>Missed Departure or Public Transportation Delay (specified reasons)</p>\r\n			</td>\r\n			<td colspan=\"2\">\r\n			<p>14(a) You miss Your Public Transportation</p>\r\n\r\n			<p>Cover for either Cancellation Expenses or Additional Trip Expenses due to You missing the departure of Your Public Transportation due to specified reasons and to arrange the replacement of Your Travel Documents where we have accepted Your claim under Section 23 .</p>\r\n\r\n			<p>14(b) Your Public Transportation is delayed, rescheduled or cancelled for specified reasons</p>\r\n\r\n			<p>Cover for either Cancellation Expenses or Additional Trip Expenses due to Your Public Transportation being delayed, rescheduled or cancelled due to specified reasons.</p>\r\n			</td>\r\n			<td>\r\n			<p>Yes</p>\r\n			</td>\r\n		</tr>\r\n		<tr>\r\n			<td>\r\n			<p>&nbsp;</p>\r\n			</td>\r\n			<td>\r\n			<p>Cut Trip Short</p>\r\n			</td>\r\n			<td colspan=\"2\">\r\n			<p>Cover for Cancellation Expenses and Additional Trip Expenses when You cut Your Trip short and return directly to Your Home due to:</p>\r\n\r\n			<ol>\r\n				<li>\r\n				<p>Your Relative or Business Partner&rsquo;s unexpected death, Accidental Injury or Sickness which their Doctor has certified as being life-threatening; or</p>\r\n				</li>\r\n				<li>\r\n				<p>Your Home becoming uninhabitable or Your Business Premises are significantly damaged following fire, storm, flood or Natural Disaster meaning Your presence is required on premises.</p>\r\n				</li>\r\n			</ol>\r\n			</td>\r\n			<td>\r\n			<p>Yes</p>\r\n			</td>\r\n		</tr>\r\n		<tr>\r\n			<td>\r\n			<p>&nbsp;</p>\r\n			</td>\r\n			<td>\r\n			<p>Public Transportation Delay (unspecified reasons) and Overbooking</p>\r\n			</td>\r\n			<td colspan=\"2\">\r\n			<p>Cover in the Event Your Public Transportation is delayed by more than 6 hours or You are denied boarding due to overbooking.</p>\r\n\r\n			<p>Allowance to cover meals, refreshments, internet or other items at Your departure point.</p>\r\n\r\n			<p>Necessary additional accommodation costs and related transfer costs due to the delay</p>\r\n			</td>\r\n			<td>\r\n			<p>$3,500</p>\r\n\r\n			<p>in the aggregate</p>\r\n\r\n			<p>&nbsp;</p>\r\n\r\n			<p>$150 sub-limit</p>\r\n\r\n			<p>&nbsp;</p>\r\n\r\n			<p>$2,000</p>\r\n			</td>\r\n			<td>\r\n			<p>$2,500</p>\r\n\r\n			<p>in the aggregate</p>\r\n\r\n			<p>&nbsp;</p>\r\n\r\n			<p>$100 sub-limit</p>\r\n\r\n			<p>&nbsp;</p>\r\n\r\n			<p>$1,000</p>\r\n			</td>\r\n			<td>\r\n			<p>$1,500</p>\r\n\r\n			<p>in the aggregate</p>\r\n\r\n			<p>&nbsp;</p>\r\n\r\n			<p>$50 sub-limit</p>\r\n\r\n			<p>&nbsp;</p>\r\n\r\n			<p>$500</p>\r\n			</td>\r\n			<td>\r\n			<p>No</p>\r\n			</td>\r\n		</tr>\r\n		<tr>\r\n			<td>\r\n			<p>&nbsp;</p>\r\n			</td>\r\n			<td>\r\n			<p>Special Events</p>\r\n			</td>\r\n			<td colspan=\"2\">\r\n			<p>Cover for the reasonable additional cost to make alternative Public Transportation arrangements in order to arrive at Your destination on time for a Special Event when Your Public Transportation has been delayed or You have been denied boarding due to overbooking.</p>\r\n			</td>\r\n			<td>\r\n			<p>$3,000</p>\r\n			</td>\r\n			<td>\r\n			<p>$2,000</p>\r\n			</td>\r\n			<td>\r\n			<p>Not applicable</p>\r\n			</td>\r\n			<td>\r\n			<p>Yes</p>\r\n			</td>\r\n		</tr>\r\n		<tr>\r\n			<td>\r\n			<p>&nbsp;</p>\r\n			</td>\r\n			<td>\r\n			<p>Denied Access to Accommodation</p>\r\n			</td>\r\n			<td colspan=\"2\">\r\n			<p>Cover for Cancellation Expenses or Additional Trip Expenses when you need to make alternative accommodation arrangements due to being denied access to Your pre-booked and pre-paid accommodation due to specified reasons.</p>\r\n			</td>\r\n			<td>\r\n			<p>$2,000</p>\r\n			</td>\r\n			<td>\r\n			<p>$1,000</p>\r\n			</td>\r\n			<td>\r\n			<p>Not applicable</p>\r\n			</td>\r\n			<td>\r\n			<p>Yes</p>\r\n			</td>\r\n		</tr>\r\n		<tr>\r\n			<td>\r\n			<p>&nbsp;</p>\r\n			</td>\r\n			<td>\r\n			<p>Travel Agent Cancellation Fees</p>\r\n			</td>\r\n			<td colspan=\"2\">\r\n			<p>Cover for cancellation fees charged by travel agents related to claims accepted under Sections 4, 13, 14, 15 or 18.</p>\r\n			</td>\r\n			<td>\r\n			<p>Lesser of $1,500 or 15% of the refundable amount of the cancelled travel arrangements</p>\r\n			</td>\r\n			<td>\r\n			<p>Lesser of $1,000 or 15% of the refundable amount of the cancelled travel arrangements</p>\r\n			</td>\r\n			<td>\r\n			<p>Lesser $750 or 15% of the refundable amount of the cancelled travel arrangements</p>\r\n			</td>\r\n			<td>\r\n			<p>Yes</p>\r\n			</td>\r\n		</tr>\r\n		<tr>\r\n			<td>\r\n			<p>&nbsp;</p>\r\n			</td>\r\n			<td>\r\n			<p>Resumption of Trip</p>\r\n			</td>\r\n			<td colspan=\"2\">\r\n			<p>Cover for Your Additional Trip Expenses for Public Transportation where You have been covered under Section 15 &ndash; Cut Trip Short or Chubb Assistance returned You to Australia under Section 1 &ndash; Medical Expenses Overseas and You want to resume Your Trip.</p>\r\n			</td>\r\n			<td>\r\n			<p>$5,000</p>\r\n			</td>\r\n			<td>\r\n			<p>$3,000</p>\r\n			</td>\r\n			<td>\r\n			<p>Not applicable</p>\r\n			</td>\r\n			<td>\r\n			<p>No</p>\r\n			</td>\r\n		</tr>\r\n		<tr>\r\n			<td>\r\n			<p>&nbsp;</p>\r\n			</td>\r\n			<td>\r\n			<p>Pet Boarding Expenses</p>\r\n			</td>\r\n			<td colspan=\"2\">\r\n			<p>Cover for additional pet boarding expenses due to You being prevented from returning Home by the End Date as a result of specified reasons.</p>\r\n			</td>\r\n			<td>\r\n			<p>$500</p>\r\n			</td>\r\n			<td>\r\n			<p>$500</p>\r\n			</td>\r\n			<td>\r\n			<p>Not applicable</p>\r\n			</td>\r\n			<td>\r\n			<p>No</p>\r\n			</td>\r\n		</tr>\r\n		<tr>\r\n			<td colspan=\"4\">\r\n			<p><strong>Baggage, Personal Effects, Travel Documents and Money</strong></p>\r\n			</td>\r\n			<td>\r\n			<p><strong>Prestige</strong></p>\r\n			</td>\r\n			<td>\r\n			<p><strong>Comprehensive</strong></p>\r\n			</td>\r\n			<td>\r\n			<p><strong>Essential</strong></p>\r\n			</td>\r\n			<td>\r\n			<p>&nbsp;</p>\r\n			</td>\r\n		</tr>\r\n		<tr>\r\n			<td>\r\n			<p>&nbsp;</p>\r\n			</td>\r\n			<td rowspan=\"5\">\r\n			<p>Baggage and Personal Effects (excluding Travel Documents and Money)</p>\r\n			</td>\r\n			<td colspan=\"2\">\r\n			<p>Cover for Your baggage and personal effects (excluding Travel Documents and Money) when they are lost, stolen or damaged. Per item limits apply.</p>\r\n			</td>\r\n			<td>\r\n			<p>$25,000</p>\r\n\r\n			<p>in the aggregate for all items</p>\r\n			</td>\r\n			<td>\r\n			<p>$10,000</p>\r\n\r\n			<p>in the aggregate for all items</p>\r\n			</td>\r\n			<td>\r\n			<p>$5,000</p>\r\n\r\n			<p>in the aggregate for all items</p>\r\n			</td>\r\n			<td>\r\n			<p>Yes</p>\r\n			</td>\r\n		</tr>\r\n		<tr>\r\n			<td>\r\n			<p>&nbsp;</p>\r\n			</td>\r\n			<td colspan=\"2\">\r\n			<ol>\r\n				<li>\r\n				<p>Electronic Equipment (excluding mobile phones)</p>\r\n				</li>\r\n			</ol>\r\n\r\n			<p>A sub-limit applies when the Public Transportation provider has specifically instructed that the items must be placed in the hold and no prior instruction or advice regarding this was available to You prior to checking in.</p>\r\n			</td>\r\n			<td>\r\n			<p>$5,000 per item</p>\r\n\r\n			<p>$1,000 sub-limit</p>\r\n			</td>\r\n			<td>\r\n			<p>$3,000 per item</p>\r\n\r\n			<p>$1,000 sub-limit</p>\r\n			</td>\r\n			<td>\r\n			<p>$1,500 per item</p>\r\n\r\n			<p>$1,000 sub-limit</p>\r\n			</td>\r\n			<td>\r\n			<p>$250</p>\r\n			</td>\r\n		</tr>\r\n		<tr>\r\n			<td>\r\n			<p>&nbsp;</p>\r\n			</td>\r\n			<td colspan=\"2\">\r\n			<ol>\r\n				<li>\r\n				<p>Mobile phone</p>\r\n				</li>\r\n			</ol>\r\n			</td>\r\n			<td>\r\n			<p>$1,500 per item</p>\r\n			</td>\r\n			<td>\r\n			<p>$1,000 per item</p>\r\n			</td>\r\n			<td>\r\n			<p>$1,000 per item</p>\r\n			</td>\r\n			<td>\r\n			<p>$250</p>\r\n			</td>\r\n		</tr>\r\n		<tr>\r\n			<td>\r\n			<p>&nbsp;</p>\r\n			</td>\r\n			<td colspan=\"2\">\r\n			<ol>\r\n				<li>\r\n				<p>Jewellery</p>\r\n				</li>\r\n			</ol>\r\n\r\n			<p>A sub-limit applies when the Public Transportation provider has specifically instructed that the items must be placed in the hold and no prior instruction or advice regarding this was available to You prior to checking in.</p>\r\n			</td>\r\n			<td>\r\n			<p>$1,500 per item</p>\r\n\r\n			<p>$1,000 sub-limit</p>\r\n			</td>\r\n			<td>\r\n			<p>$750 per item</p>\r\n\r\n			<p>$1,000 sub-limit</p>\r\n			</td>\r\n			<td>\r\n			<p>$500 per item</p>\r\n\r\n			<p>$1,000 sub-limit</p>\r\n			</td>\r\n			<td>\r\n			<p>Yes</p>\r\n			</td>\r\n		</tr>\r\n		<tr>\r\n			<td>\r\n			<p>&nbsp;</p>\r\n			</td>\r\n			<td colspan=\"2\">\r\n			<ol>\r\n				<li>\r\n				<p>Any other item</p>\r\n				</li>\r\n			</ol>\r\n			</td>\r\n			<td>\r\n			<p>$1,000 per item</p>\r\n			</td>\r\n			<td>\r\n			<p>$500 per item</p>\r\n			</td>\r\n			<td>\r\n			<p>$500 per item</p>\r\n			</td>\r\n			<td>\r\n			<p>Yes</p>\r\n			</td>\r\n		</tr>\r\n		<tr>\r\n			<td>\r\n			<p>&nbsp;</p>\r\n			</td>\r\n			<td>\r\n			<p>Travel Documents</p>\r\n			</td>\r\n			<td colspan=\"2\">\r\n			<p>Cover for the cost to replace Travel Documents lost, stolen or damaged Overseas.</p>\r\n			</td>\r\n			<td>\r\n			<p>$500</p>\r\n			</td>\r\n			<td>\r\n			<p>$500</p>\r\n			</td>\r\n			<td>\r\n			<p>$500</p>\r\n			</td>\r\n			<td>\r\n			<p>Yes</p>\r\n			</td>\r\n		</tr>\r\n		<tr>\r\n			<td>\r\n			<p>&nbsp;</p>\r\n			</td>\r\n			<td>\r\n			<p>Money and Unauthorised use of Cards</p>\r\n			</td>\r\n			<td colspan=\"2\">\r\n			<p>Cover for the value of Money and legal liability arising from unauthorised use of credit card transactions when lost or stolen Overseas whilst they are carried on Your person or in a locked safe at Your accommodation.</p>\r\n			</td>\r\n			<td>\r\n			<p>$1,000</p>\r\n			</td>\r\n			<td>\r\n			<p>$250</p>\r\n			</td>\r\n			<td>\r\n			<p>Not applicable</p>\r\n			</td>\r\n			<td>\r\n			<p>Yes</p>\r\n			</td>\r\n		</tr>\r\n		<tr>\r\n			<td>\r\n			<p>&nbsp;</p>\r\n			</td>\r\n			<td>\r\n			<p>Baggage Delay</p>\r\n			</td>\r\n			<td colspan=\"2\">\r\n			<p>Cover for reimbursement for the cost of reasonable essential clothing and toiletries when all of Your baggage is delayed by Your Public Transportation provider for more than 12 or 48 hours.</p>\r\n			</td>\r\n			<td>\r\n			<p>$500 12 hours</p>\r\n\r\n			<p>$1,000 48 hours</p>\r\n			</td>\r\n			<td>\r\n			<p>$250 12 hours</p>\r\n\r\n			<p>$500 48 hours</p>\r\n			</td>\r\n			<td>\r\n			<p>$250 12 hours</p>\r\n\r\n			<p>$500 48 hours</p>\r\n			</td>\r\n			<td>\r\n			<p>No</p>\r\n			</td>\r\n		</tr>\r\n		<tr>\r\n			<td colspan=\"4\">\r\n			<p><strong>Other</strong></p>\r\n			</td>\r\n			<td>\r\n			<p><strong>Prestige</strong></p>\r\n			</td>\r\n			<td>\r\n			<p><strong>Comprehensive</strong></p>\r\n			</td>\r\n			<td>\r\n			<p><strong>Essential</strong></p>\r\n			</td>\r\n			<td>\r\n			<p>&nbsp;</p>\r\n			</td>\r\n		</tr>\r\n		<tr>\r\n			<td>\r\n			<p>&nbsp;</p>\r\n			</td>\r\n			<td>\r\n			<p>Personal Liability</p>\r\n			</td>\r\n			<td colspan=\"2\">\r\n			<p>Cover for compensation that You become legally liable to pay due to Your negligence resulting in either physical damage to someone else&rsquo;s tangible property or the bodily injury or death of someone else.</p>\r\n			</td>\r\n			<td>\r\n			<p>$5,000,000</p>\r\n			</td>\r\n			<td>\r\n			<p>$2,000,000</p>\r\n			</td>\r\n			<td>\r\n			<p>$1,000,000</p>\r\n			</td>\r\n			<td>\r\n			<p>Yes</p>\r\n			</td>\r\n		</tr>\r\n		<tr>\r\n			<td>\r\n			<p>&nbsp;</p>\r\n			</td>\r\n			<td>\r\n			<p>Hijack/Kidnap</p>\r\n			</td>\r\n			<td colspan=\"2\">\r\n			<p>Cover in the Event You are forcibly detained on Public Transportation due to it being hijacked by persons using violence or threat of violence or You being kidnapped Overseas.</p>\r\n			</td>\r\n			<td>\r\n			<p>$1,000 per day and $30,000 in the aggregate</p>\r\n			</td>\r\n			<td>\r\n			<p>$300 per day and $10,000 in the aggregate</p>\r\n			</td>\r\n			<td>\r\n			<p>Not applicable</p>\r\n			</td>\r\n			<td>\r\n			<p>No</p>\r\n			</td>\r\n		</tr>\r\n	</tbody>\r\n</table>\r\n\r\n<p><br />\r\n&nbsp;</p>\r\n\r\n<p><br />\r\n&nbsp;</p>\r\n\r\n<p><br />\r\n&nbsp;</p>\r\n\r\n<p><strong><a id=\"domestic\" name=\"domestic\"></a>Core Plans &ndash; Single Trips in Australia (Domestic)</strong></p>\r\n\r\n<table cellpadding=\"7\" cellspacing=\"0\" style=\"width:100%\">\r\n	<tbody>\r\n		<tr>\r\n			<td colspan=\"3\">\r\n			<p><strong>Section</strong></p>\r\n			</td>\r\n			<td colspan=\"2\">\r\n			<p><strong>Cover Description</strong></p>\r\n			</td>\r\n			<td colspan=\"6\">\r\n			<p><strong>Plan</strong></p>\r\n\r\n			<p><strong>Maximum Sum Insured</strong></p>\r\n			</td>\r\n			<td>\r\n			<p><strong>Excess</strong></p>\r\n			</td>\r\n		</tr>\r\n		<tr>\r\n			<td colspan=\"5\">\r\n			<p><strong>Personal Accident</strong></p>\r\n			</td>\r\n			<td colspan=\"2\">\r\n			<p><strong>Prestige</strong></p>\r\n			</td>\r\n			<td colspan=\"2\">\r\n			<p><strong>Comprehensive</strong></p>\r\n			</td>\r\n			<td colspan=\"2\">\r\n			<p><strong>Essential</strong></p>\r\n			</td>\r\n			<td>\r\n			<p>&nbsp;</p>\r\n			</td>\r\n		</tr>\r\n		<tr>\r\n			<td>\r\n			<p>&nbsp;</p>\r\n			</td>\r\n			<td colspan=\"2\">\r\n			<p>Permanent Disablement</p>\r\n			</td>\r\n			<td colspan=\"2\">\r\n			<p>Cover in the Event that an Accidental Injury results in Your Permanent Disablement.</p>\r\n\r\n			<p>A sub-limit applies for Children.</p>\r\n			</td>\r\n			<td colspan=\"2\">\r\n			<p>$10,000</p>\r\n\r\n			<p>$5,000 sub-limit</p>\r\n			</td>\r\n			<td colspan=\"2\">\r\n			<p>$5,000</p>\r\n\r\n			<p>$2,500 sub-limit</p>\r\n			</td>\r\n			<td colspan=\"2\">\r\n			<p>Not applicable</p>\r\n			</td>\r\n			<td colspan=\"2\">\r\n			<p>No</p>\r\n			</td>\r\n		</tr>\r\n		<tr>\r\n			<td>\r\n			<p>&nbsp;</p>\r\n			</td>\r\n			<td colspan=\"2\">\r\n			<p>Accidental Loss of Life</p>\r\n			</td>\r\n			<td colspan=\"2\">\r\n			<p>Cover in the Event an Accidental Injury results in Your Accidental Loss of Life.</p>\r\n\r\n			<p>A sub-limit applies for Children.</p>\r\n			</td>\r\n			<td colspan=\"2\">\r\n			<p>$10,000</p>\r\n\r\n			<p>$1,000 sub-limit</p>\r\n			</td>\r\n			<td colspan=\"2\">\r\n			<p>$5,000</p>\r\n\r\n			<p>$1,000 sub-limit</p>\r\n			</td>\r\n			<td colspan=\"2\">\r\n			<p>Not applicable</p>\r\n			</td>\r\n			<td colspan=\"2\">\r\n			<p>No</p>\r\n			</td>\r\n		</tr>\r\n		<tr>\r\n			<td>\r\n			<p>&nbsp;</p>\r\n			</td>\r\n			<td colspan=\"2\">\r\n			<p>Return of Mortal Remains</p>\r\n			</td>\r\n			<td colspan=\"2\">\r\n			<p>Cover for expenses for services provided or arranged by Chubb Assistance for the transportation of Your mortal remains to Your Home or another place in Australia as nominated by the legal representative of Your estate.</p>\r\n			</td>\r\n			<td colspan=\"2\">\r\n			<p>$10,000</p>\r\n			</td>\r\n			<td colspan=\"2\">\r\n			<p>$10,000</p>\r\n			</td>\r\n			<td colspan=\"2\">\r\n			<p>$10,000</p>\r\n			</td>\r\n			<td colspan=\"2\">\r\n			<p>No</p>\r\n			</td>\r\n		</tr>\r\n		<tr>\r\n			<td>\r\n			<p>&nbsp;</p>\r\n			</td>\r\n			<td colspan=\"2\">\r\n			<p>Credit Card Cover</p>\r\n			</td>\r\n			<td colspan=\"2\">\r\n			<p>Cover for the outstanding balance on Your charge or credit card at the time of an Accidental Injury resulting in Your Accidental Loss of Life.</p>\r\n			</td>\r\n			<td colspan=\"2\">\r\n			<p>$5,000</p>\r\n			</td>\r\n			<td colspan=\"2\">\r\n			<p>$2,500</p>\r\n			</td>\r\n			<td colspan=\"2\">\r\n			<p>Not applicable</p>\r\n			</td>\r\n			<td colspan=\"2\">\r\n			<p>No</p>\r\n			</td>\r\n		</tr>\r\n		<tr>\r\n			<td colspan=\"5\">\r\n			<p><strong>Travel Cancellation and Disruption</strong></p>\r\n			</td>\r\n			<td colspan=\"2\">\r\n			<p><strong>Prestige</strong></p>\r\n			</td>\r\n			<td colspan=\"2\">\r\n			<p><strong>Comprehensive</strong></p>\r\n			</td>\r\n			<td colspan=\"2\">\r\n			<p><strong>Essential</strong></p>\r\n			</td>\r\n			<td>\r\n			<p>&nbsp;</p>\r\n			</td>\r\n		</tr>\r\n		<tr>\r\n			<td>\r\n			<p>&nbsp;</p>\r\n			</td>\r\n			<td colspan=\"2\">\r\n			<p>Trip Cancellation or Postponement</p>\r\n			</td>\r\n			<td colspan=\"2\">\r\n			<p>13(a) Trip Cancellation Expenses</p>\r\n\r\n			<p>Cover for Your Cancellation Expenses when it is necessary for You to cancel Your Trip due to specified reasons.</p>\r\n\r\n			<p>13(b) Trip Postponement Expenses</p>\r\n\r\n			<p>Cover for Your Additional Trip Expenses when it is necessary for You to postpone Your Trip due to specified reasons.</p>\r\n			</td>\r\n			<td colspan=\"2\" rowspan=\"3\">\r\n			<p>$15,000</p>\r\n\r\n			<p>&nbsp;</p>\r\n\r\n			<p>$2,000 sub-limit applies when due to Relative or Business Partner Pre-existing Medical Condition</p>\r\n			</td>\r\n			<td colspan=\"2\" rowspan=\"3\">\r\n			<p>up to</p>\r\n\r\n			<p>$5,000</p>\r\n\r\n			<p>per Event</p>\r\n\r\n			<p>and in the aggregate for sections 13, 14 and 15</p>\r\n\r\n			<p>&nbsp;</p>\r\n\r\n			<p>$2,000 sub-limit applies when due to Relative or Business Partner Pre-existing Medical Condition</p>\r\n			</td>\r\n			<td colspan=\"2\" rowspan=\"3\">\r\n			<p>up to</p>\r\n\r\n			<p>$2,500</p>\r\n\r\n			<p>per Event</p>\r\n\r\n			<p>and in the aggregate for sections 13, 14 and 15</p>\r\n\r\n			<p>&nbsp;</p>\r\n\r\n			<p>$2,000 sub-limit applies when due to Relative or Business Partner Pre-existing Medical Condition</p>\r\n			</td>\r\n			<td colspan=\"2\">\r\n			<p>Yes</p>\r\n			</td>\r\n		</tr>\r\n		<tr>\r\n			<td>\r\n			<p>&nbsp;</p>\r\n			</td>\r\n			<td colspan=\"2\">\r\n			<p>Missed Departure or Public Transportation Delay (specified reasons)</p>\r\n			</td>\r\n			<td colspan=\"2\">\r\n			<p>14(a) You miss Your Public Transportation</p>\r\n\r\n			<p>Cover for either Cancellation Expenses or Additional Trip Expenses due to You missing the departure of Your Public Transportation due to specified reasons.</p>\r\n\r\n			<p>14(b) Your Public Transportation is delayed, rescheduled or cancelled for specified reasons</p>\r\n\r\n			<p>Cover for either Cancellation Expenses or Additional Trip Expenses due to Your Public Transportation being delayed, rescheduled or cancelled due to specified reasons.</p>\r\n			</td>\r\n			<td colspan=\"2\">\r\n			<p>Yes</p>\r\n			</td>\r\n		</tr>\r\n		<tr>\r\n			<td>\r\n			<p>&nbsp;</p>\r\n			</td>\r\n			<td colspan=\"2\">\r\n			<p>Cut Trip Short</p>\r\n			</td>\r\n			<td colspan=\"2\">\r\n			<p>Cover for Cancellation Expenses and Additional Trip Expenses when You cut Your Trip short and return directly to Your Home due to:</p>\r\n\r\n			<ol>\r\n				<li>\r\n				<p>Your Relative or Business Partner&rsquo;s unexpected death, Accidental Injury or Sickness which their Doctor has certified as being life-threatening; or</p>\r\n				</li>\r\n				<li>\r\n				<p>Your Home becoming uninhabitable or Your Business Premises are significantly damaged following fire, storm, flood or Natural Disaster meaning Your presence is required on premises.</p>\r\n				</li>\r\n			</ol>\r\n			</td>\r\n			<td colspan=\"2\">\r\n			<p>Yes</p>\r\n			</td>\r\n		</tr>\r\n		<tr>\r\n			<td>\r\n			<p>&nbsp;</p>\r\n			</td>\r\n			<td colspan=\"2\">\r\n			<p>Public Transportation Delay (unspecified reasons) and Overbooking</p>\r\n			</td>\r\n			<td colspan=\"2\">\r\n			<p>Cover in the Event Your Public Transportation is delayed by more than six (6) hours or You are denied boarding due to overbooking.</p>\r\n\r\n			<p>Allowance to cover meals, refreshments, internet or other items at Your departure point.</p>\r\n\r\n			<p>Necessary additional accommodation costs and related transfer costs due to the delay</p>\r\n			</td>\r\n			<td colspan=\"2\">\r\n			<p>$3,500</p>\r\n\r\n			<p>in the aggregate</p>\r\n\r\n			<p>&nbsp;</p>\r\n\r\n			<p>$150 sub-limit</p>\r\n\r\n			<p>&nbsp;</p>\r\n\r\n			<p>$1,000</p>\r\n			</td>\r\n			<td colspan=\"2\">\r\n			<p>$2,500</p>\r\n\r\n			<p>in the aggregate</p>\r\n\r\n			<p>&nbsp;</p>\r\n\r\n			<p>$100 sub-limit</p>\r\n\r\n			<p>&nbsp;</p>\r\n\r\n			<p>$500</p>\r\n			</td>\r\n			<td colspan=\"2\">\r\n			<p>$1,500</p>\r\n\r\n			<p>in the aggregate</p>\r\n\r\n			<p>&nbsp;</p>\r\n\r\n			<p>$50 sub-limit</p>\r\n\r\n			<p>&nbsp;</p>\r\n\r\n			<p>$250</p>\r\n			</td>\r\n			<td colspan=\"2\">\r\n			<p>No</p>\r\n			</td>\r\n		</tr>\r\n		<tr>\r\n			<td>\r\n			<p>&nbsp;</p>\r\n			</td>\r\n			<td colspan=\"2\">\r\n			<p>Special Events</p>\r\n			</td>\r\n			<td colspan=\"2\">\r\n			<p>Cover for the reasonable additional cost to make alternative Public Transportation arrangements in order to arrive at Your destination on time for a Special Event when Your Public Transportation has been delayed or You have been denied boarding due to overbooking.</p>\r\n			</td>\r\n			<td colspan=\"2\">\r\n			<p>$3,000</p>\r\n			</td>\r\n			<td colspan=\"2\">\r\n			<p>$2,000</p>\r\n			</td>\r\n			<td colspan=\"2\">\r\n			<p>Not applicable</p>\r\n			</td>\r\n			<td colspan=\"2\">\r\n			<p>Yes</p>\r\n			</td>\r\n		</tr>\r\n		<tr>\r\n			<td>\r\n			<p>&nbsp;</p>\r\n			</td>\r\n			<td colspan=\"2\">\r\n			<p>Denied Access to Accommodation</p>\r\n			</td>\r\n			<td colspan=\"2\">\r\n			<p>Cover for Cancellation Expenses or Additional Trip Expenses when you need to make alternative accommodation arrangements due to being denied access to Your pre-booked and pre-paid accommodation due to specified reasons.</p>\r\n			</td>\r\n			<td colspan=\"2\">\r\n			<p>$2,000</p>\r\n			</td>\r\n			<td colspan=\"2\">\r\n			<p>$1,000</p>\r\n			</td>\r\n			<td colspan=\"2\">\r\n			<p>Not applicable</p>\r\n			</td>\r\n			<td colspan=\"2\">\r\n			<p>Yes</p>\r\n			</td>\r\n		</tr>\r\n		<tr>\r\n			<td>\r\n			<p>&nbsp;</p>\r\n			</td>\r\n			<td colspan=\"2\">\r\n			<p>Travel Agent Cancellation Fees</p>\r\n			</td>\r\n			<td colspan=\"2\">\r\n			<p>Cover for cancellation fees charged by travel agents related to claims accepted under Sections 13, 14, 15 or 18.</p>\r\n			</td>\r\n			<td colspan=\"2\">\r\n			<p>Lesser of $1,500 or 15% of the refundable amount of the cancelled travel arrangements</p>\r\n			</td>\r\n			<td colspan=\"2\">\r\n			<p>Lesser of $1,000 or 15% of the refundable amount of the cancelled travel arrangements</p>\r\n			</td>\r\n			<td colspan=\"2\">\r\n			<p>Lesser $750 or 15% of the refundable amount of the cancelled travel arrangements</p>\r\n			</td>\r\n			<td colspan=\"2\">\r\n			<p>Yes</p>\r\n			</td>\r\n		</tr>\r\n		<tr>\r\n			<td>\r\n			<p>&nbsp;</p>\r\n			</td>\r\n			<td colspan=\"2\">\r\n			<p>Pet Boarding Expenses</p>\r\n			</td>\r\n			<td colspan=\"2\">\r\n			<p>Cover for additional pet boarding expenses due to You being prevented from returning Home by the End Date as a result of specified reasons.</p>\r\n			</td>\r\n			<td colspan=\"2\">\r\n			<p>$500</p>\r\n			</td>\r\n			<td colspan=\"2\">\r\n			<p>$500</p>\r\n			</td>\r\n			<td colspan=\"2\">\r\n			<p>Not applicable</p>\r\n			</td>\r\n			<td colspan=\"2\">\r\n			<p>No</p>\r\n			</td>\r\n		</tr>\r\n		<tr>\r\n			<td colspan=\"5\">\r\n			<p><strong>Baggage, Personal Effects, Travel Documents and Money</strong></p>\r\n			</td>\r\n			<td colspan=\"2\">\r\n			<p><strong>Prestige</strong></p>\r\n			</td>\r\n			<td colspan=\"2\">\r\n			<p><strong>Comprehensive</strong></p>\r\n			</td>\r\n			<td colspan=\"2\">\r\n			<p><strong>Essential</strong></p>\r\n			</td>\r\n			<td>\r\n			<p>&nbsp;</p>\r\n			</td>\r\n		</tr>\r\n		<tr>\r\n			<td>\r\n			<p>&nbsp;</p>\r\n			</td>\r\n			<td colspan=\"2\" rowspan=\"5\">\r\n			<p>Baggage and Personal Effects (excluding Travel Documents and Money)</p>\r\n			</td>\r\n			<td colspan=\"2\">\r\n			<p>Cover for Your baggage and personal effects (excluding Travel Documents and Money) when they are lost, stolen or damaged. Per item limits apply.</p>\r\n			</td>\r\n			<td colspan=\"2\">\r\n			<p>$25,000</p>\r\n\r\n			<p>in the aggregate for all items</p>\r\n			</td>\r\n			<td colspan=\"2\">\r\n			<p>$10,000</p>\r\n\r\n			<p>in the aggregate for all items</p>\r\n			</td>\r\n			<td colspan=\"2\">\r\n			<p>$5,000</p>\r\n\r\n			<p>in the aggregate for all items</p>\r\n			</td>\r\n			<td colspan=\"2\">\r\n			<p>Yes</p>\r\n			</td>\r\n		</tr>\r\n		<tr>\r\n			<td>\r\n			<p>&nbsp;</p>\r\n			</td>\r\n			<td colspan=\"2\">\r\n			<ol>\r\n				<li>\r\n				<p>Electronic Equipment (excluding mobile phones)</p>\r\n				</li>\r\n			</ol>\r\n\r\n			<p>A sub-limit applies when the Public Transportation provider has specifically instructed that the items must be placed in the hold and no prior instruction or advice regarding this was available to You prior to checking in.</p>\r\n			</td>\r\n			<td colspan=\"2\">\r\n			<p>$5,000 per item</p>\r\n\r\n			<p>$1,000 sub-limit</p>\r\n			</td>\r\n			<td colspan=\"2\">\r\n			<p>$3,000 per item</p>\r\n\r\n			<p>$1,000 sub-limit</p>\r\n			</td>\r\n			<td colspan=\"2\">\r\n			<p>$1,500 per item</p>\r\n\r\n			<p>$1,000 sub-limit</p>\r\n			</td>\r\n			<td colspan=\"2\">\r\n			<p>$250</p>\r\n			</td>\r\n		</tr>\r\n		<tr>\r\n			<td>\r\n			<p>&nbsp;</p>\r\n			</td>\r\n			<td colspan=\"2\">\r\n			<ol>\r\n				<li>\r\n				<p>Mobile phone</p>\r\n				</li>\r\n			</ol>\r\n			</td>\r\n			<td colspan=\"2\">\r\n			<p>$1,500 per item</p>\r\n			</td>\r\n			<td colspan=\"2\">\r\n			<p>$1,000 per item</p>\r\n			</td>\r\n			<td colspan=\"2\">\r\n			<p>$1,000 per item</p>\r\n			</td>\r\n			<td colspan=\"2\">\r\n			<p>$250</p>\r\n			</td>\r\n		</tr>\r\n		<tr>\r\n			<td>\r\n			<p>&nbsp;</p>\r\n			</td>\r\n			<td colspan=\"2\">\r\n			<ol>\r\n				<li>\r\n				<p>Jewellery/watches</p>\r\n				</li>\r\n			</ol>\r\n\r\n			<p>A sub-limit applies when the Public Transportation provider has specifically instructed that the items must be placed in the hold and no prior instruction or advice regarding this was available to You prior to checking in.</p>\r\n			</td>\r\n			<td colspan=\"2\">\r\n			<p>$1,500 per item</p>\r\n\r\n			<p>$1,000 sub-limit</p>\r\n			</td>\r\n			<td colspan=\"2\">\r\n			<p>$750 per item</p>\r\n\r\n			<p>$1,000 sub-limit</p>\r\n			</td>\r\n			<td colspan=\"2\">\r\n			<p>$500 per item</p>\r\n\r\n			<p>$1,000 sub-limit</p>\r\n			</td>\r\n			<td colspan=\"2\">\r\n			<p>Yes</p>\r\n			</td>\r\n		</tr>\r\n		<tr>\r\n			<td>\r\n			<p>&nbsp;</p>\r\n			</td>\r\n			<td colspan=\"2\">\r\n			<ol>\r\n				<li>\r\n				<p>Any other item</p>\r\n				</li>\r\n			</ol>\r\n			</td>\r\n			<td colspan=\"2\">\r\n			<p>$1,000 per item</p>\r\n			</td>\r\n			<td colspan=\"2\">\r\n			<p>$500 per item</p>\r\n			</td>\r\n			<td colspan=\"2\">\r\n			<p>$500 per item</p>\r\n			</td>\r\n			<td colspan=\"2\">\r\n			<p>Yes</p>\r\n			</td>\r\n		</tr>\r\n		<tr>\r\n			<td>\r\n			<p>&nbsp;</p>\r\n			</td>\r\n			<td colspan=\"2\">\r\n			<p>Baggage Delay</p>\r\n			</td>\r\n			<td colspan=\"2\">\r\n			<p>Cover for reimbursement for the cost of reasonable essential clothing and toiletries when all of Your baggage is delayed by Your Public Transportation provider for more than 12 or 48 hours.</p>\r\n			</td>\r\n			<td colspan=\"2\">\r\n			<p>$500 12 hours</p>\r\n\r\n			<p>$1,000 48 hours</p>\r\n			</td>\r\n			<td colspan=\"2\">\r\n			<p>$250 12 hours</p>\r\n\r\n			<p>$500 48 hours</p>\r\n			</td>\r\n			<td colspan=\"2\">\r\n			<p>$250 12 hours</p>\r\n\r\n			<p>$500 48 hours</p>\r\n			</td>\r\n			<td colspan=\"2\">\r\n			<p>No</p>\r\n			</td>\r\n		</tr>\r\n		<tr>\r\n			<td colspan=\"5\">\r\n			<p><strong>Other</strong></p>\r\n			</td>\r\n			<td colspan=\"2\">\r\n			<p><strong>Prestige</strong></p>\r\n			</td>\r\n			<td colspan=\"2\">\r\n			<p><strong>Comprehensive</strong></p>\r\n			</td>\r\n			<td colspan=\"2\">\r\n			<p><strong>Essential</strong></p>\r\n			</td>\r\n			<td>\r\n			<p>&nbsp;</p>\r\n			</td>\r\n		</tr>\r\n		<tr>\r\n			<td>\r\n			<p>&nbsp;</p>\r\n			</td>\r\n			<td colspan=\"2\">\r\n			<p>Personal Liability</p>\r\n			</td>\r\n			<td colspan=\"2\">\r\n			<p>Cover for compensation that You become legally liable to pay due to Your negligence resulting in either physical damage to someone else&rsquo;s tangible property or the bodily injury or death of someone else.</p>\r\n			</td>\r\n			<td colspan=\"2\">\r\n			<p>$1,000,000</p>\r\n			</td>\r\n			<td colspan=\"2\">\r\n			<p>$500,000</p>\r\n			</td>\r\n			<td colspan=\"2\">\r\n			<p>$200,000</p>\r\n			</td>\r\n			<td colspan=\"2\">\r\n			<p>Yes</p>\r\n			</td>\r\n		</tr>\r\n	</tbody>\r\n</table>\r\n\r\n<p><br />\r\n&nbsp;</p>\r\n\r\n<p><strong><a id=\"benefits\" name=\"benefits\"></a>Optional Add-on Benefit Packs</strong></p>\r\n\r\n<p><br />\r\n&nbsp;</p>\r\n\r\n<table cellpadding=\"7\" cellspacing=\"0\" style=\"width:100%\">\r\n	<tbody>\r\n		<tr>\r\n			<td colspan=\"2\">\r\n			<p><strong>Section</strong></p>\r\n			</td>\r\n			<td colspan=\"3\">\r\n			<p><strong>Cover Description</strong></p>\r\n			</td>\r\n			<td colspan=\"6\">\r\n			<p><strong>Plan</strong></p>\r\n\r\n			<p><strong>Maximum Sum Insured</strong></p>\r\n			</td>\r\n			<td>\r\n			<p><strong>Excess</strong></p>\r\n			</td>\r\n		</tr>\r\n		<tr>\r\n			<td colspan=\"5\">\r\n			<p><strong>Cruise Pack</strong></p>\r\n			</td>\r\n			<td>\r\n			<p><strong>Prestige</strong></p>\r\n			</td>\r\n			<td colspan=\"2\">\r\n			<p><strong>Comprehensive</strong></p>\r\n			</td>\r\n			<td colspan=\"3\">\r\n			<p><strong>Essential</strong></p>\r\n			</td>\r\n			<td>\r\n			<p>&nbsp;</p>\r\n			</td>\r\n		</tr>\r\n		<tr>\r\n			<td>\r\n			<p>&nbsp;</p>\r\n			</td>\r\n			<td>\r\n			<p>Cruise</p>\r\n			</td>\r\n			<td colspan=\"3\">\r\n			<p>General Exclusion 15 is not applicable for your Policy when Cruise Pack is shown as &lsquo;Included&rsquo; on Your Certificate of Insurance. The definition of Cancellation Expenses is extended to include reasonable pre-paid, non-refundable and unused portion of cruise activities and day excursions.</p>\r\n			</td>\r\n			<td colspan=\"6\">\r\n			<p>&nbsp;</p>\r\n			</td>\r\n			<td>\r\n			<p>&nbsp;</p>\r\n			</td>\r\n		</tr>\r\n		<tr>\r\n			<td>\r\n			<p>&nbsp;</p>\r\n			</td>\r\n			<td>\r\n			<p>Cabin Confinement</p>\r\n			</td>\r\n			<td colspan=\"3\">\r\n			<p>Cover for a daily contribution to additional expenses when a Doctor deems it necessary for You to be confined in Your cabin on a cruise for more than a day due to an Accidental Injury or Sickness.</p>\r\n			</td>\r\n			<td colspan=\"6\">\r\n			<p>$100 per day</p>\r\n\r\n			<p>$1,000 in the aggregate</p>\r\n			</td>\r\n			<td>\r\n			<p>No</p>\r\n			</td>\r\n		</tr>\r\n		<tr>\r\n			<td colspan=\"5\">\r\n			<p><strong>Winter Sports Pack</strong></p>\r\n			</td>\r\n			<td>\r\n			<p><strong>Prestige</strong></p>\r\n			</td>\r\n			<td colspan=\"2\">\r\n			<p><strong>Comprehensive</strong></p>\r\n			</td>\r\n			<td colspan=\"3\">\r\n			<p><strong>Essential</strong></p>\r\n			</td>\r\n			<td>\r\n			<p>&nbsp;</p>\r\n			</td>\r\n		</tr>\r\n		<tr>\r\n			<td>\r\n			<p>&nbsp;</p>\r\n			</td>\r\n			<td>\r\n			<p>Winter Sports</p>\r\n			</td>\r\n			<td colspan=\"3\">\r\n			<p>General Exclusion 22(b) is not applicable for your Policy when Winter Sports Pack is shown as &lsquo;Included&rsquo; on Your Certificate of Insurance.</p>\r\n			</td>\r\n			<td colspan=\"6\">\r\n			<p>&nbsp;</p>\r\n			</td>\r\n			<td>\r\n			<p>&nbsp;</p>\r\n			</td>\r\n		</tr>\r\n		<tr>\r\n			<td>\r\n			<p>&nbsp;</p>\r\n			</td>\r\n			<td>\r\n			<p>Own Winter Sport Equipment</p>\r\n			</td>\r\n			<td colspan=\"3\">\r\n			<p>Cover for when Your Winter Sports Equipment is lost, stolen or damaged.</p>\r\n			</td>\r\n			<td colspan=\"6\">\r\n			<p>$1,500 per item</p>\r\n\r\n			<p>$3,000 in the aggregate</p>\r\n			</td>\r\n			<td>\r\n			<p>Yes</p>\r\n			</td>\r\n		</tr>\r\n		<tr>\r\n			<td>\r\n			<p>&nbsp;</p>\r\n			</td>\r\n			<td>\r\n			<p>Winter Sport Equipment Hire</p>\r\n			</td>\r\n			<td colspan=\"3\">\r\n			<p>Cover for the cost of hiring alternative Winter Sports Equipment when Your Winter Sports Equipment is lost, stolen or damaged or is delayed by Your Public Transportation by more than 24 hours.</p>\r\n			</td>\r\n			<td colspan=\"6\">\r\n			<p>$1,500</p>\r\n			</td>\r\n			<td>\r\n			<p>Yes</p>\r\n			</td>\r\n		</tr>\r\n		<tr>\r\n			<td>\r\n			<p>&nbsp;</p>\r\n			</td>\r\n			<td>\r\n			<p>Unused Winter Sports Costs</p>\r\n			</td>\r\n			<td colspan=\"3\">\r\n			<p>Cover in the Event You suffer an Accidental Injury or Sickness and a Doctor certifies that you are unable to use the unused pre-booked and pre-paid ski passes, ski hire, tuition fees or lift passes we will reimburse You for the non-refundable amount.</p>\r\n			</td>\r\n			<td colspan=\"6\">\r\n			<p>$1,000</p>\r\n			</td>\r\n			<td>\r\n			<p>Yes</p>\r\n			</td>\r\n		</tr>\r\n		<tr>\r\n			<td>\r\n			<p>&nbsp;</p>\r\n			</td>\r\n			<td>\r\n			<p>Piste Closure</p>\r\n			</td>\r\n			<td colspan=\"3\">\r\n			<p>Cover for the cost of transport and additional ski passes at the nearest alternative resort when all the lift systems are closed for more than 24 hours due to insufficient snow, severe weather or power failure at Your pre-booked ski holiday resort.</p>\r\n			</td>\r\n			<td colspan=\"6\">\r\n			<p>$1,000</p>\r\n			</td>\r\n			<td>\r\n			<p>Yes</p>\r\n			</td>\r\n		</tr>\r\n		<tr>\r\n			<td>\r\n			<p>&nbsp;</p>\r\n			</td>\r\n			<td>\r\n			<p>Weather and Avalanche Closure</p>\r\n			</td>\r\n			<td colspan=\"3\">\r\n			<p>Cover for Your reasonable Additional Trip Expenses due to You being delayed from leaving Your ski holiday resort for more than 12 hours due to severe weather or an avalanche that has been confirmed in writing by the relevant authority.</p>\r\n			</td>\r\n			<td colspan=\"6\">\r\n			<p>$1,000</p>\r\n			</td>\r\n			<td>\r\n			<p>Yes</p>\r\n			</td>\r\n		</tr>\r\n		<tr>\r\n			<td colspan=\"5\">\r\n			<p><strong>Adventure Sports Pack</strong></p>\r\n			</td>\r\n			<td colspan=\"2\">\r\n			<p><strong>Prestige</strong></p>\r\n			</td>\r\n			<td colspan=\"2\">\r\n			<p><strong>Comprehensive</strong></p>\r\n			</td>\r\n			<td colspan=\"2\">\r\n			<p><strong>Essential</strong></p>\r\n			</td>\r\n			<td>\r\n			<p>&nbsp;</p>\r\n			</td>\r\n		</tr>\r\n		<tr>\r\n			<td>\r\n			<p>&nbsp;</p>\r\n			</td>\r\n			<td>\r\n			<p>Adventure Sports</p>\r\n			</td>\r\n			<td colspan=\"3\">\r\n			<p>General Exclusion 22(c) is not applicable for your Policy when Adventure Sports Pack is shown as &lsquo;Included&rsquo; on You Certificate of Insurance.</p>\r\n			</td>\r\n			<td colspan=\"6\">\r\n			<p>&nbsp;</p>\r\n			</td>\r\n			<td>\r\n			<p>&nbsp;</p>\r\n			</td>\r\n		</tr>\r\n		<tr>\r\n			<td>\r\n			<p>&nbsp;</p>\r\n			</td>\r\n			<td>\r\n			<p>Own Adventure Sport Equipment</p>\r\n			</td>\r\n			<td colspan=\"3\">\r\n			<p>Cover for when Your Adventure Sports Equipment is lost, stolen or damaged.</p>\r\n			</td>\r\n			<td colspan=\"6\">\r\n			<p>$1,500 per item</p>\r\n\r\n			<p>$3,000 in the aggregate</p>\r\n			</td>\r\n			<td>\r\n			<p>Yes</p>\r\n			</td>\r\n		</tr>\r\n		<tr>\r\n			<td>\r\n			<p>&nbsp;</p>\r\n			</td>\r\n			<td>\r\n			<p>Adventure Sport Equipment Hire</p>\r\n			</td>\r\n			<td colspan=\"3\">\r\n			<p>Cover for the cost of hiring alternative Adventure Sports Equipment when Your Adventure Sports Equipment is lost, stolen or damaged or is delayed by Your Public Transportation by more than 24 hours.</p>\r\n			</td>\r\n			<td colspan=\"6\">\r\n			<p>$1,500</p>\r\n			</td>\r\n			<td>\r\n			<p>Yes</p>\r\n			</td>\r\n		</tr>\r\n		<tr>\r\n			<td>\r\n			<p>&nbsp;</p>\r\n			</td>\r\n			<td>\r\n			<p>Unused Adventure Sports Costs</p>\r\n			</td>\r\n			<td colspan=\"3\">\r\n			<p>Cover in the Event You suffer an Accidental Injury or Sickness and a Doctor certifies that you are unable to use the unused pre-booked and pre-paid Adventure Sports costs we will reimburse You for the non-refundable amount.</p>\r\n			</td>\r\n			<td colspan=\"6\">\r\n			<p>$1,000</p>\r\n			</td>\r\n			<td>\r\n			<p>Yes</p>\r\n			</td>\r\n		</tr>\r\n		<tr>\r\n			<td colspan=\"5\">\r\n			<p><strong>Golf Pack</strong></p>\r\n			</td>\r\n			<td colspan=\"2\">\r\n			<p><strong>Prestige</strong></p>\r\n			</td>\r\n			<td colspan=\"2\">\r\n			<p><strong>Comprehensive</strong></p>\r\n			</td>\r\n			<td colspan=\"2\">\r\n			<p><strong>Essential</strong></p>\r\n			</td>\r\n			<td>\r\n			<p>&nbsp;</p>\r\n			</td>\r\n		</tr>\r\n		<tr>\r\n			<td>\r\n			<p>&nbsp;</p>\r\n			</td>\r\n			<td>\r\n			<p>Own Golf Equipment</p>\r\n			</td>\r\n			<td colspan=\"3\">\r\n			<p>Cover for when Your Golf Equipment is lost, stolen or damaged.</p>\r\n			</td>\r\n			<td colspan=\"6\">\r\n			<p>$1,500 per item</p>\r\n\r\n			<p>$3,000 in the aggregate</p>\r\n			</td>\r\n			<td>\r\n			<p>Yes</p>\r\n			</td>\r\n		</tr>\r\n		<tr>\r\n			<td>\r\n			<p>&nbsp;</p>\r\n			</td>\r\n			<td>\r\n			<p>Golf Equipment Hire</p>\r\n			</td>\r\n			<td colspan=\"3\">\r\n			<p>Cover for the cost of hiring alternative Golf Equipment when Your Golf Equipment is lost, stolen or damaged or is delayed by Your Public Transportation by more than 24 hours.</p>\r\n			</td>\r\n			<td colspan=\"6\">\r\n			<p>$1,500</p>\r\n			</td>\r\n			<td>\r\n			<p>Yes</p>\r\n			</td>\r\n		</tr>\r\n		<tr>\r\n			<td>\r\n			<p>&nbsp;</p>\r\n			</td>\r\n			<td>\r\n			<p>Unused Golf Costs</p>\r\n			</td>\r\n			<td colspan=\"3\">\r\n			<p>Cover in the Event You suffer an Accidental Injury or Sickness and a Doctor certifies that you are unable to use the unused pre-booked and pre-paid green fees, golf buggy hire or golf club hire we will reimburse You for the non-refundable amount.</p>\r\n			</td>\r\n			<td colspan=\"6\">\r\n			<p>$1,000</p>\r\n			</td>\r\n			<td>\r\n			<p>Yes</p>\r\n			</td>\r\n		</tr>\r\n		<tr>\r\n			<td>\r\n			<p>&nbsp;</p>\r\n			</td>\r\n			<td>\r\n			<p>Hole- in-One</p>\r\n			</td>\r\n			<td colspan=\"3\">\r\n			<p>Cover for reimbursement of the customary food and beverages at the golf club house for the purpose of celebrating Your hole-in-one.</p>\r\n			</td>\r\n			<td colspan=\"6\">\r\n			<p>$500</p>\r\n			</td>\r\n			<td>\r\n			<p>Yes</p>\r\n			</td>\r\n		</tr>\r\n		<tr>\r\n			<td colspan=\"5\">\r\n			<p><strong>Driving Holiday Pack</strong></p>\r\n			</td>\r\n			<td colspan=\"2\">\r\n			<p><strong>Prestige</strong></p>\r\n			</td>\r\n			<td colspan=\"2\">\r\n			<p><strong>Comprehensive</strong></p>\r\n			</td>\r\n			<td colspan=\"2\">\r\n			<p><strong>Essential</strong></p>\r\n			</td>\r\n			<td>\r\n			<p>&nbsp;</p>\r\n			</td>\r\n		</tr>\r\n		<tr>\r\n			<td>\r\n			<p>&nbsp;</p>\r\n			</td>\r\n			<td>\r\n			<p>Rental Vehicle Excess</p>\r\n			</td>\r\n			<td colspan=\"3\">\r\n			<p>Cover in the Event You become liable to pay a Rental Vehicle insurance excess as a result of the theft or collision involving Your Rental Vehicle whilst in Your control.</p>\r\n			</td>\r\n			<td colspan=\"6\">\r\n			<p>$5,000</p>\r\n			</td>\r\n			<td>\r\n			<p>No</p>\r\n			</td>\r\n		</tr>\r\n		<tr>\r\n			<td>\r\n			<p>&nbsp;</p>\r\n			</td>\r\n			<td>\r\n			<p>Baggage and Personal Effects whilst in vehicle</p>\r\n			</td>\r\n			<td colspan=\"3\">\r\n			<p>Cover for when Your baggage and personal effects when stored out of sight in Your locked Rental Vehicle during the day are stolen.</p>\r\n			</td>\r\n			<td colspan=\"6\">\r\n			<p>$500 per item</p>\r\n\r\n			<p>$2.000 in the aggregate</p>\r\n			</td>\r\n			<td>\r\n			<p>Yes</p>\r\n			</td>\r\n		</tr>\r\n		<tr>\r\n			<td>\r\n			<p>&nbsp;</p>\r\n			</td>\r\n			<td>\r\n			<p>Lost Key</p>\r\n			</td>\r\n			<td colspan=\"3\">\r\n			<p>Cover for the expenses to replace the key to Your Rental Vehicle if you lose it.</p>\r\n			</td>\r\n			<td colspan=\"6\">\r\n			<p>$500</p>\r\n			</td>\r\n			<td>\r\n			<p>Yes</p>\r\n			</td>\r\n		</tr>\r\n		<tr>\r\n			<td>\r\n			<p>&nbsp;</p>\r\n			</td>\r\n			<td>\r\n			<p>Towing Expenses</p>\r\n			</td>\r\n			<td colspan=\"3\">\r\n			<p>Cover for reasonably incurred towing expenses to return Your Rental Vehicle to the nearest depot when You are unfit to drive it by reason of an Accidental Injury or Sickness.</p>\r\n			</td>\r\n			<td colspan=\"6\">\r\n			<p>$1,000</p>\r\n			</td>\r\n			<td>\r\n			<p>No</p>\r\n			</td>\r\n		</tr>\r\n		<tr>\r\n			<td>\r\n			<p>&nbsp;</p>\r\n			</td>\r\n			<td>\r\n			<p>Carjacking Incident or Road Rage Incident</p>\r\n			</td>\r\n			<td colspan=\"3\">\r\n			<p>Cover in the Event you sustain an Accidental Injury as a result of being the victim of a Carjacking Incident or Road Rage Incident.</p>\r\n			</td>\r\n			<td colspan=\"6\">\r\n			<p>$2,000</p>\r\n			</td>\r\n			<td>\r\n			<p>No</p>\r\n			</td>\r\n		</tr>\r\n		<tr>\r\n			<td colspan=\"5\">\r\n			<p><strong>Family Protection Pack</strong></p>\r\n			</td>\r\n			<td colspan=\"2\">\r\n			<p><strong>Prestige</strong></p>\r\n			</td>\r\n			<td colspan=\"2\">\r\n			<p><strong>Comprehensive</strong></p>\r\n			</td>\r\n			<td colspan=\"2\">\r\n			<p><strong>Essential</strong></p>\r\n			</td>\r\n			<td>\r\n			<p>&nbsp;</p>\r\n			</td>\r\n		</tr>\r\n		<tr>\r\n			<td>\r\n			<p>&nbsp;</p>\r\n			</td>\r\n			<td>\r\n			<p>Extended the per item for strollers, child car seats and baby capsules</p>\r\n			</td>\r\n			<td colspan=\"3\">\r\n			<p>Cover for when Your stroller, child car seat and baby capsule is lost, stolen or damaged.</p>\r\n			</td>\r\n			<td colspan=\"6\">\r\n			<p>$1,500 per item</p>\r\n\r\n			<p>$3,000 in the aggregate</p>\r\n			</td>\r\n			<td>\r\n			<p>Yes</p>\r\n			</td>\r\n		</tr>\r\n		<tr>\r\n			<td>\r\n			<p>&nbsp;</p>\r\n			</td>\r\n			<td>\r\n			<p>Childcare Benefit</p>\r\n			</td>\r\n			<td colspan=\"3\">\r\n			<p>Cover for the reasonable and necessary daily expenses incurred for the services of a registered childcare provider when you sustain an Accidental Injury Overseas.</p>\r\n			</td>\r\n			<td colspan=\"6\">\r\n			<p>$200 per day</p>\r\n\r\n			<p>$2,000 in the aggregate</p>\r\n			</td>\r\n			<td>\r\n			<p>No</p>\r\n			</td>\r\n		</tr>\r\n		<tr>\r\n			<td>\r\n			<p>&nbsp;</p>\r\n			</td>\r\n			<td>\r\n			<p>Student Tutorial Costs</p>\r\n			</td>\r\n			<td colspan=\"3\">\r\n			<p>Cover for the reasonable and necessary incurred home tutorial services where You are a registered full time student and when You sustain an Accidental Injury Overseas and You are unable to attend registered classes.</p>\r\n			</td>\r\n			<td colspan=\"6\">\r\n			<p>$200 per day</p>\r\n\r\n			<p>$2,000 in the aggregate</p>\r\n			</td>\r\n			<td>\r\n			<p>No</p>\r\n			</td>\r\n		</tr>\r\n		<tr>\r\n			<td>\r\n			<p>&nbsp;</p>\r\n			</td>\r\n			<td>\r\n			<p>Child Education Fees</p>\r\n			</td>\r\n			<td colspan=\"3\">\r\n			<p>Cover for the reimbursement of school or university fees in the Event You sustain an Accidental Injury that results in Your Accidental Loss of Life and You have surviving Children.</p>\r\n			</td>\r\n			<td colspan=\"6\">\r\n			<p>$2,500 per child</p>\r\n\r\n			<p>$5,000 in aggregate</p>\r\n			</td>\r\n			<td>\r\n			<p>No</p>\r\n			</td>\r\n		</tr>\r\n		<tr>\r\n			<td colspan=\"5\">\r\n			<p><strong>Increased Electronic Equipment Pack</strong></p>\r\n			</td>\r\n			<td colspan=\"2\">\r\n			<p><strong>Prestige</strong></p>\r\n			</td>\r\n			<td colspan=\"2\">\r\n			<p><strong>Comprehensive</strong></p>\r\n			</td>\r\n			<td colspan=\"2\">\r\n			<p><strong>Essential</strong></p>\r\n			</td>\r\n			<td>\r\n			<p>&nbsp;</p>\r\n			</td>\r\n		</tr>\r\n		<tr>\r\n			<td>\r\n			<p>&nbsp;</p>\r\n			</td>\r\n			<td>\r\n			<p>Increased per item limit</p>\r\n			</td>\r\n			<td colspan=\"3\">\r\n			<p>Electronic Equipment</p>\r\n			</td>\r\n			<td colspan=\"2\">\r\n			<p>$10,000 per item</p>\r\n			</td>\r\n			<td colspan=\"2\">\r\n			<p>$6,000 per item</p>\r\n			</td>\r\n			<td colspan=\"2\">\r\n			<p>$3,000 per item</p>\r\n			</td>\r\n			<td>\r\n			<p>$250</p>\r\n			</td>\r\n		</tr>\r\n		<tr>\r\n			<td>\r\n			<p>&nbsp;</p>\r\n			</td>\r\n			<td>\r\n			<p>&nbsp;</p>\r\n			</td>\r\n			<td colspan=\"3\">\r\n			<p>Mobile phone</p>\r\n			</td>\r\n			<td colspan=\"2\">\r\n			<p>$3,000 per item</p>\r\n			</td>\r\n			<td colspan=\"2\">\r\n			<p>$2,000 per item</p>\r\n			</td>\r\n			<td colspan=\"2\">\r\n			<p>$2,000 per item</p>\r\n			</td>\r\n			<td>\r\n			<p>$250</p>\r\n			</td>\r\n		</tr>\r\n	</tbody>\r\n</table>\r\n\r\n<p><br />\r\n&nbsp;</p>\r\n\r\n<p>&nbsp;</p>\r\n'),(2,'exclusions','What\'s not covered','<table cellpadding=\"7\" cellspacing=\"0\" style=\"width:788px\">\r\n	<tbody>\r\n		<tr>\r\n			<td>\r\n			<p><a name=\"Summary_Benefits_Exclusions\"></a> <strong>Summary of Exclusions</strong></p>\r\n			</td>\r\n		</tr>\r\n		<tr>\r\n			<td>\r\n			<p>This section contains a helpful summary about Mytripinsurance.</p>\r\n\r\n			<p>Please note that it is a limited summary only. It does not form part of Your Policy and it cannot be relied on as a full description of the cover provided.</p>\r\n\r\n			<p>Please note that other documents that make up the Policy such as the Certificate of Insurance may also amend the standard terms, conditions and exclusions contained in the <a href=\"/source/My%20Trip%20Insurance%20Australia%20-%20Single%20Trip%20PDS.pdf\">Product Disclosure Statement</a>.</p>\r\n			</td>\r\n		</tr>\r\n		<tr>\r\n			<td>\r\n			<p><strong>Exclusions</strong></p>\r\n\r\n			<p>Mytripinsurance provides cover for many unexpected and unforeseen Events and emergencies but We don&rsquo;t cover everything.</p>\r\n\r\n			<p>There are exclusions that apply to all benefit sections (see General Exclusions in the <a href=\"/source/My%20Trip%20Insurance%20Australia%20-%20Single%20Trip%20PDS.pdf\" target=\"_blank\">PDS</a>) and there may be additional exclusions and terms and conditions for specific benefit sections, these are listed under &lsquo;What is Not Covered&rsquo; and &lsquo;Terms and Conditions&rsquo; in the relevant section.</p>\r\n\r\n			<p>You should ensure that you understand all the exclusions under Your Policy but here is a summary of some of the key ones when You will not be covered if it is a factor in why You are a making a claim:</p>\r\n\r\n			<p>Things that are illegal or reckless</p>\r\n\r\n			<ul>\r\n				<li>\r\n				<p><strong>You have committed an illegal act</strong></p>\r\n				</li>\r\n				<li>\r\n				<p>&bull; You being intoxicated by alcohol or drugs (not prescribed by a Doctor);</p>\r\n				</li>\r\n				<li>\r\n				<p>&bull; You don&rsquo;t take all reasonable efforts to look after your belongings including if you leave your belongings Unattended;</p>\r\n				</li>\r\n				<li>\r\n				<p>&bull; You don&rsquo;t take all reasonable efforts to avoid any injury;</p>\r\n				</li>\r\n				<li>\r\n				<p>&bull; any errors or omissions in any booking arrangements by You, Your travel agent or any other person acting on your behalf, including the failure to obtain the relevant Travel Documents for Your Trip.</p>\r\n				</li>\r\n			</ul>\r\n\r\n			<p><strong>Things that are medically related</strong></p>\r\n\r\n			<ul>\r\n				<li>\r\n				<p>&bull; You undertake travel against the advice of a Doctor, for seeking medical treatment or after You have been diagnosed with a Terminal Illness;</p>\r\n				</li>\r\n				<li>\r\n				<p>&bull; You or Your Travel Companion having a Pre-existing Medical Condition unless it is an Approved Medical Condition;</p>\r\n				</li>\r\n				<li>\r\n				<p>&bull; due to Your or Your Travel Companion&rsquo;s childbirth or pregnancy. The only time where this exclusion does not apply is when the claim relates to an unexpected medical complication or caused by Accidental Injury or Sickness.</p>\r\n				</li>\r\n			</ul>\r\n\r\n			<p><strong>Things that you do or participate in </strong></p>\r\n\r\n			<ul>\r\n				<li>\r\n				<p>&bull; You having booked or travelling on a cruise (unless you have purchased the&nbsp;optional add-on benefit pack 28 &ndash; Cruise Pack);</p>\r\n				</li>\r\n				<li>\r\n				<p>&bull; Your engagement in Manual Work;</p>\r\n				</li>\r\n				<li>\r\n				<p>&bull; Your participation in Adventure Sports or Winter Sports (unless you have purchased&nbsp;the relevant optional add-on benefit pack for Single Trip) or Extreme Sports and Activities.</p>\r\n				</li>\r\n			</ul>\r\n			</td>\r\n		</tr>\r\n	</tbody>\r\n</table>\r\n\r\n<p>&nbsp;</p>\r\n'),(14,'claim','Claim','<p><strong>What to do in the event of a claim</strong></p>\n\n<p>Submitting your claim online gives you more control and convenience.</p>\n\n<p>Through the Chubb Claim Centre you can begin processing your claim online, receive immediate confirmation of submission, reduce steps and time to completion, and receive SMS updates.</p>\n\n<p>To avoid delay and to ensure your claim is handled promptly and efficiently, please take note of the details outlined for how to make a claim.</p>\n\n<p><a href=\"https://www.chubbclaims.com/ace/au-en/welcome.aspx\">Online Claim Form</a><!-- Link to \nhttps://www.chubbclaims.com/ace/au-en/welcome.aspx --></p>\n\n<p>For further questions on your Claims, please call Customer Service at Tel:&nbsp;1 800 061 568 &nbsp;(Mon-Fri: 8.30am to 5pm only)</p>\n\n<h2>What you need to submit a claim online:</h2>\n\n<ul>\n	<li>\n	<p>Your Details enables Chubb to validate your claim. You must have an email address to submit your claim online.</p>\n	</li>\n	<li>\n	<p>Supporting Documents vary based on claim type, but any relevant receipts, photographs or quotes should be attached to your online submission to expedite assessment.</p>\n	</li>\n	<li>\n	<p>Intended Payee Information allows Chubb Travel Insurance to quickly make approved payments.</p>\n	</li>\n</ul>\n\n<p>You may either click on the Online Claim Form to file it online or download the&nbsp;<a href=\"https://www.chubbtravelinsurance.com.au/aceStatic/Doc/AU/Cti/ClaimForm.pdf\">claim form</a>&nbsp;and send to the below address.</p>\n\n<ul>\n	<li>\n	<p>Advise all claims to us within 30 days of a claim event or as soon as reasonably practicable.</p>\n	</li>\n	<li>\n	<p>You must submit all supporting documentation, e.g. medical reports, police reports, declarations, receipts, valuations or other such evidence we may request to assist us in the prompt resolution of your claim.</p>\n	</li>\n	<li>\n	<p>For liability claims do not make any admission or offer. Request the claim against you be put in writing.</p>\n	</li>\n	<li>\n	<p>All losses under baggage, personal effects, travel documents and money must be reported to local authorities and/or your transport provider and written acknowledgment obtained.</p>\n	</li>\n	<li>\n	<p>In respect of medical expenses overseas you should submit claims to your private health insurance provider prior to lodgement with Chubb.</p>\n	</li>\n	<li>\n	<p>Use the Chubb Assistance Line&nbsp;<a href=\"telto:61289075666\"><strong>+61 2 8907 5666</strong></a>&nbsp;for specific assistance on all travel emergency matters whilst travelling overseas.</p>\n	</li>\n</ul>\n\n<p>Please send your completed claim form to&nbsp;<a href=\"mailto:travelclaims.au@chubb.com\">travelclaims.au@chubb.com</a>&nbsp;or post to:</p>\n\n<p>Chubb Claims Accident &amp; Health<br />\nGPO Box 4065<br />\nSydney NSW 2001</p>\n\n<p>&nbsp;</p>\n');
/*!40000 ALTER TABLE `pages` ENABLE KEYS */;
UNLOCK TABLES;

--
-- Table structure for table `partner`
--

DROP TABLE IF EXISTS `partner`;
/*!40101 SET @saved_cs_client     = @@character_set_client */;
/*!40101 SET character_set_client = utf8 */;
CREATE TABLE `partner` (
  `id` int(11) NOT NULL AUTO_INCREMENT,
  `user_id` int(11) DEFAULT NULL,
  `name` varchar(250) CHARACTER SET latin1 DEFAULT NULL,
  `domain_url` varchar(250) CHARACTER SET latin1 DEFAULT NULL,
  `subdomain_prefix` varchar(250) CHARACTER SET latin1 DEFAULT NULL,
  `referral_code` varchar(250) CHARACTER SET latin1 DEFAULT NULL,
  `commission_amount` decimal(9,2) DEFAULT NULL,
  `reg_exp` varchar(250) CHARACTER SET latin1 DEFAULT NULL,
  `visits` int(11) DEFAULT NULL,
  PRIMARY KEY (`id`)
) ENGINE=InnoDB AUTO_INCREMENT=9 DEFAULT CHARSET=utf8;
/*!40101 SET character_set_client = @saved_cs_client */;

--
-- Dumping data for table `partner`
--

LOCK TABLES `partner` WRITE;
/*!40000 ALTER TABLE `partner` DISABLE KEYS */;
INSERT INTO `partner` VALUES (2,43,'company name','tia.local','prefix','referralcode',100.20,'qwd12@#!@$a\'e;',9),(3,1,'admin','tripinsurance.com.au',NULL,'Mytripinsurance',0.00,NULL,1),(4,46,'Company','tia.local','','tialocal',12.00,'',NULL),(5,40,'','','','',0.00,'',NULL),(6,6,NULL,NULL,NULL,NULL,NULL,NULL,NULL),(7,29,'','','','',0.00,'',NULL),(8,4,'','','','',0.00,'',NULL);
/*!40000 ALTER TABLE `partner` ENABLE KEYS */;
UNLOCK TABLES;

--
-- Table structure for table `settings`
--

DROP TABLE IF EXISTS `settings`;
/*!40101 SET @saved_cs_client     = @@character_set_client */;
/*!40101 SET character_set_client = utf8 */;
CREATE TABLE `settings` (
  `id` int(11) NOT NULL AUTO_INCREMENT,
  `api_data` varchar(255) NOT NULL,
  `admin_email` varchar(255) NOT NULL,
  `master_pwd` varchar(255) NOT NULL,
  `master_login` varchar(255) NOT NULL,
  `time_in_day` varchar(255) NOT NULL,
  `global_commission` varchar(255) NOT NULL,
  PRIMARY KEY (`id`)
) ENGINE=InnoDB AUTO_INCREMENT=2 DEFAULT CHARSET=utf8;
/*!40101 SET character_set_client = @saved_cs_client */;

--
-- Dumping data for table `settings`
--

LOCK TABLES `settings` WRITE;
/*!40000 ALTER TABLE `settings` DISABLE KEYS */;
INSERT INTO `settings` VALUES (1,'asdf','asdf@asdf.adsf','asdf','asdfasdf','adsfasdf','asdfadsf');
/*!40000 ALTER TABLE `settings` ENABLE KEYS */;
UNLOCK TABLES;

--
-- Table structure for table `tbl_migration`
--

DROP TABLE IF EXISTS `tbl_migration`;
/*!40101 SET @saved_cs_client     = @@character_set_client */;
/*!40101 SET character_set_client = utf8 */;
CREATE TABLE `tbl_migration` (
  `version` varchar(255) NOT NULL,
  `apply_time` int(11) DEFAULT NULL,
  PRIMARY KEY (`version`)
) ENGINE=InnoDB DEFAULT CHARSET=utf8;
/*!40101 SET character_set_client = @saved_cs_client */;

--
-- Dumping data for table `tbl_migration`
--

LOCK TABLES `tbl_migration` WRITE;
/*!40000 ALTER TABLE `tbl_migration` DISABLE KEYS */;
INSERT INTO `tbl_migration` VALUES ('m000000_000000_base',1476801047),('m161018_134735_create_users_table',1476805365),('m161021_182347_create_templates_table',1477074877),('m161023_053323_create_settings_table',1477200990),('m161026_052140_create_pages_table',1477459617),('m161026_055235_drop_templates_table',1477461213),('m161026_055440_create_templates_table',1477461347),('m161026_115455_add_column_users',1477483862);
/*!40000 ALTER TABLE `tbl_migration` ENABLE KEYS */;
UNLOCK TABLES;

--
-- Table structure for table `templates`
--

DROP TABLE IF EXISTS `templates`;
/*!40101 SET @saved_cs_client     = @@character_set_client */;
/*!40101 SET character_set_client = utf8 */;
CREATE TABLE `templates` (
  `id` int(11) NOT NULL AUTO_INCREMENT,
  `domain` varchar(255) NOT NULL,
  `theme` varchar(255) NOT NULL,
  `user_id` int(11) DEFAULT NULL,
  PRIMARY KEY (`id`)
) ENGINE=InnoDB AUTO_INCREMENT=19 DEFAULT CHARSET=utf8;
/*!40101 SET character_set_client = @saved_cs_client */;

--
-- Dumping data for table `templates`
--

LOCK TABLES `templates` WRITE;
/*!40000 ALTER TABLE `templates` DISABLE KEYS */;
INSERT INTO `templates` VALUES (3,'iteora','mytripproj',1),(4,'hiteora','mytripproj',1),(5,'insurance.iteora.com','mytripproj',1),(6,'mytripinsurance.com.au','mytripproj',1),(10,'dfdsfsdfsdfsd','mytripproj',1),(11,'http://asdas.qw','mytripproj',1),(12,'http://asdfasd.sd','mytripproj',1),(13,'http://insurance.iteora.com','mytripproj',1),(14,'http://insurance.iteora.com','mytripproj',1),(15,'http://insurance.iteora.com','mytripproj',1),(16,'www.mytripinsurance.com.au','mytripproj',NULL),(17,'cruise1st.mytripinsurance.com.au','mytripproj',1),(18,'tia.local','mytripproj',1);
/*!40000 ALTER TABLE `templates` ENABLE KEYS */;
UNLOCK TABLES;

--
-- Table structure for table `users`
--

DROP TABLE IF EXISTS `users`;
/*!40101 SET @saved_cs_client     = @@character_set_client */;
/*!40101 SET character_set_client = utf8 */;
CREATE TABLE `users` (
  `id` int(11) NOT NULL AUTO_INCREMENT,
  `username` varchar(32) NOT NULL,
  `email` varchar(255) NOT NULL,
  `password` varchar(64) NOT NULL,
  `token` varchar(255) NOT NULL,
  `role` varchar(32) NOT NULL,
  `status` tinyint(1) DEFAULT '0',
  `name` varchar(255) NOT NULL,
  `surname` varchar(255) NOT NULL,
  `birth` varchar(255) DEFAULT NULL,
  `phone` varchar(255) DEFAULT NULL,
  `passport` varchar(255) DEFAULT NULL,
  `expiry` varchar(255) DEFAULT NULL,
  `country` varchar(255) DEFAULT NULL,
  `city` varchar(255) DEFAULT NULL,
  `zip_code` varchar(255) DEFAULT NULL,
  `street` varchar(255) DEFAULT NULL,
  `subscribe` int(11) DEFAULT '0',
  `subscribe_country` varchar(255) DEFAULT NULL,
  `referral` varchar(255) NOT NULL,
  `state` varchar(255) DEFAULT NULL,
  PRIMARY KEY (`id`)
) ENGINE=InnoDB AUTO_INCREMENT=47 DEFAULT CHARSET=utf8;
/*!40101 SET character_set_client = @saved_cs_client */;

--
-- Dumping data for table `users`
--

LOCK TABLES `users` WRITE;
/*!40000 ALTER TABLE `users` DISABLE KEYS */;
INSERT INTO `users` VALUES (1,'admin1','admin@iteora.mail','7a7ea6908e33896ddcc8b82f264f4f7a','','administrator',1,'John','Smith','09/11/2000','43534534','33333','28/11/2016','','222','333','444',1,'USA','',''),(2,'admin1','test@test.test','','','customer',1,'asd','',NULL,NULL,NULL,NULL,NULL,NULL,NULL,NULL,0,NULL,'',NULL),(3,'admin12','test@test.test1','f5bb0c8de146c67b44babbf4e6584cc0','','customer',0,'','',NULL,NULL,NULL,NULL,NULL,NULL,NULL,NULL,0,NULL,'',NULL),(4,'asdfw','test@asd.ads','','','partner',0,'asdf','',NULL,NULL,NULL,NULL,NULL,NULL,NULL,NULL,0,NULL,'',NULL),(5,'asdf','asp18t1@gmail.com2','7aa3262b9526ff30025c2f389263399e','','customer',1,'asdf','',NULL,NULL,NULL,NULL,NULL,NULL,NULL,NULL,0,NULL,'',NULL),(6,'sadf','sadf@dsa.asdf','','','partner',0,'asdf','',NULL,NULL,NULL,NULL,NULL,NULL,NULL,NULL,0,NULL,'',NULL),(7,'asdfs','asp18t1@gmail.com','','','partner',1,'','',NULL,NULL,NULL,NULL,NULL,NULL,NULL,NULL,0,NULL,'',NULL),(8,'asdf1','asdf@asdf.asdf','6a204bd89f3c8348afd5c77c717a097a','e714ff6fd8df3b7214e3553b768add1c','customer',0,'','',NULL,NULL,NULL,NULL,NULL,NULL,NULL,NULL,0,NULL,'',NULL),(9,'zxcv','zxcv@zxcv.zxcv','f5bb0c8de146c67b44babbf4e6584cc0','33942eee645f3804f300858d1fb802ca','customer',0,'','',NULL,NULL,NULL,NULL,NULL,NULL,NULL,NULL,0,NULL,'',NULL),(10,'xcvb','xcvb@xcvb.xcvb','f5bb0c8de146c67b44babbf4e6584cc0','72c085c4592c17856399d206eff8eb89','customer',0,'','',NULL,NULL,NULL,NULL,NULL,NULL,NULL,NULL,0,NULL,'',NULL),(11,'asp18t','asp18t@gmail.com','f5bb0c8de146c67b44babbf4e6584cc0','eaa3636a9451ecafa7154847b5ab181a','customer',0,'','',NULL,NULL,NULL,NULL,NULL,NULL,NULL,NULL,0,NULL,'',NULL),(25,'test name','mr.silentstorm@gmail.com','c18e1b11140677e7db98c66ffa6f8ae3','d4f47e293707ea4e57bce9f608658f30','customer',1,'','test name','1987-11-02','1234567890',NULL,NULL,'Algeria',NULL,NULL,'test addr 1',0,NULL,'',NULL),(26,'Sergey','sergey.yakovleff@gmail.com','a11ff96485b9db36e6cd98986fecb029','0c476809e16ae8495e5a3b1f5f565970','customer',1,'','Yakovlev','1980-11-20','5345435345',NULL,NULL,'Germany',NULL,NULL,'Fasdfsafs, 32',0,NULL,'',NULL),(27,'a','a@b.com','e57c98ada5ed6595c4d912a46a807cb2','b690fa6d55af3793058934bedee57018','customer',1,'','a','2016-11-28','0400000000',NULL,NULL,'Australia',NULL,NULL,'a',0,NULL,'',NULL),(28,'luke','luke.f.sawyer@gmail.com','31d31421af7aeff9f0846f44a7d1838e','bd6788f8502c778423fce2b840be1099','customer',1,'','sawyer','1984-11-07','0478536184',NULL,NULL,'Australia',NULL,NULL,'29 help me',0,NULL,'',NULL),(29,'First','jayen@skedgo.com','','b2b561bbe883d60d66a6face966b45ee','partner',1,'','Last','2016-11-28','0400000000',NULL,NULL,'Australia',NULL,NULL,'Address',0,NULL,'mytrip_cru.svc',NULL),(30,'Girish','girish.rao@chubb.com','2e21d8572d69e2b12ce9010a71748dc6','7b53ae96bd5bca5a6731f1508787c38c','customer',1,'','Rao','1986-12-03','0435592812',NULL,NULL,'Australia',NULL,NULL,'18/50-56 Merton Street',0,NULL,'',NULL),(31,'test name','iteorasupp@gmail.com123','979f9a606f16975fed7b31a934ae6b3a','fe8690863228609d824454216176e118','customer',1,'','test name','1983-12-02','1234567890',NULL,NULL,'Australia',NULL,NULL,'test',0,NULL,'',NULL),(32,'Luke Sawyer','lukesawyer@b2btravel.solutions','4e5d7c585a83a5a8c5509825853cd408','ce06468bcb714861ace05915525051a7','customer',0,'','',NULL,NULL,NULL,NULL,NULL,NULL,NULL,NULL,0,NULL,'',NULL),(33,'Annei','annie.tran@Chubb.com','b3a3bed16410606ca9b462728e6b1436','0d684311e58051ee15d1c56a96fbce7a','customer',1,'','Tran','1998-12-04','0425622244',NULL,NULL,'Australia',NULL,NULL,'100 Test Ave',0,NULL,'',NULL),(34,'asdf','iteorasupp@gmail.com','1dfc3dcfb44ccd54960b3af1c21c42e2','ac70289f9bda453857225375920a29ca','customer',1,'','asdfsdf','1981-12-02','1234567890',NULL,NULL,'Australia',NULL,NULL,'asdfasdf 234',0,NULL,'',NULL),(35,'jayen2','jayen+2@skedgo.com','008c5926ca861023c1d2a36653fd88e2','c60d78d4a856088cdfb5fa7b5ac6616d','customer',0,'','',NULL,NULL,NULL,NULL,NULL,NULL,NULL,NULL,0,NULL,'',NULL),(36,'test','test@gmail.com','c06db68e819be6ec3d26c6038d8e8d1f','5efe1a61f164561a3b853a199a8e58d7','customer',0,'','',NULL,NULL,NULL,NULL,NULL,NULL,NULL,NULL,0,NULL,'',NULL),(37,'asfasf','asdfsa@fdsfds.com','0b1894e75885b8cbd920ac0ab77181ec','f90b594ef65dffd1dae27768aefb4685','customer',1,'','safsafas','1984-12-20','+61333322222',NULL,NULL,'Australia',NULL,NULL,'afasfasf',0,NULL,'',NULL),(38,'asdf','gg@gg.gg','b2df173c3185956f94336318c231fbc8','047b04e8262f893740187e4a47117c0f','customer',1,'','asdfsdf','1972-12-05','+61123231231',NULL,NULL,'Australia',NULL,NULL,'asdfasdf 234',0,NULL,'',NULL),(39,'Testpartner','test@fdsfdsfsd.com','94b8cea57c49a3007225a0c70c475450','65b4edbd66fcd7b06086daefa069c66c','customer',0,'','',NULL,NULL,NULL,NULL,NULL,NULL,NULL,NULL,0,NULL,'',NULL),(40,'Testpartner','werew@ferewrwe.com','','c97482ed02cec28be9f17823c0c0d553','partner',1,'','',NULL,NULL,NULL,NULL,NULL,NULL,NULL,NULL,0,NULL,'',NULL),(41,'First','jayen+4@skedgo.com','04782e5aed1d9ca69b82ffed500feda6','4a7cf0bb2364a5f7ef80811c47dc3284','customer',1,'','Last','1950-12-31','+61412345678',NULL,NULL,'Australia',NULL,NULL,'Address',0,NULL,'',NULL),(42,'Test','rediss01@gmail.com','3da51661b230d7454dc6aa264ad645ce','c0976e3890fbc48d46c970e28e0409cd','customer',1,'','Smith','1980-01-09','+61412345678',NULL,NULL,'Australia',NULL,NULL,'1',0,NULL,'',NULL),(43,'ptest','p@p.p','','','customer',1,'ptest','','','','','','','','','',0,'','123123',''),(44,'utest','u@u.u','dc483e80a7a0bd9ef71d8cf973673924','','customer',1,'utest','',NULL,NULL,NULL,NULL,NULL,NULL,NULL,NULL,0,NULL,'',NULL),(45,'po','u@u.u','','','partner',1,'po','',NULL,NULL,NULL,NULL,NULL,NULL,NULL,NULL,0,NULL,'',NULL),(46,'Test_partner','test@t.t','','','partner',1,'Partner','',NULL,NULL,NULL,NULL,NULL,NULL,NULL,NULL,0,NULL,'',NULL);
/*!40000 ALTER TABLE `users` ENABLE KEYS */;
UNLOCK TABLES;

--
-- Table structure for table `visits`
--

DROP TABLE IF EXISTS `visits`;
/*!40101 SET @saved_cs_client     = @@character_set_client */;
/*!40101 SET character_set_client = utf8 */;
CREATE TABLE `visits` (
  `id` int(11) NOT NULL AUTO_INCREMENT,
  `partner_id` int(11) DEFAULT NULL,
  `counter` int(11) DEFAULT NULL,
  PRIMARY KEY (`id`)
) ENGINE=MyISAM AUTO_INCREMENT=33 DEFAULT CHARSET=latin1;
/*!40101 SET character_set_client = @saved_cs_client */;

--
-- Dumping data for table `visits`
--

LOCK TABLES `visits` WRITE;
/*!40000 ALTER TABLE `visits` DISABLE KEYS */;
INSERT INTO `visits` VALUES (32,4,0),(31,7,0),(30,7,0),(29,7,0),(28,45,0),(27,45,0),(26,45,0),(25,45,0);
/*!40000 ALTER TABLE `visits` ENABLE KEYS */;
UNLOCK TABLES;
/*!40103 SET TIME_ZONE=@OLD_TIME_ZONE */;

/*!40101 SET SQL_MODE=@OLD_SQL_MODE */;
/*!40014 SET FOREIGN_KEY_CHECKS=@OLD_FOREIGN_KEY_CHECKS */;
/*!40014 SET UNIQUE_CHECKS=@OLD_UNIQUE_CHECKS */;
/*!40101 SET CHARACTER_SET_CLIENT=@OLD_CHARACTER_SET_CLIENT */;
/*!40101 SET CHARACTER_SET_RESULTS=@OLD_CHARACTER_SET_RESULTS */;
/*!40101 SET COLLATION_CONNECTION=@OLD_COLLATION_CONNECTION */;
/*!40111 SET SQL_NOTES=@OLD_SQL_NOTES */;

-- Dump completed on 2017-01-08 22:06:57
